Код БТИ;Нет информации на вкладе МКД;Раздвоение во вкладке МКД;Диаметр ввода > 200;Давление на вводе > 17;Итого за 2011 <= чем в месяце за 2013;Итого за 2012 <= чем в месяце за 2013;Январь 2013 >= итого 2011 или 2012;Февраль 2013 >= итого 2011 или 2012;Март 2013 >= итого 2011 или 2012;Апрель 2013 >= итого 2011 или 2012;Октябрь 2013 >= итого 2011 или 2012;Ноябрь 2013 >= итого 2011 или 2012;Декабрь 2013 >= итого 2011 или 2012;Сумма по мес. 2013 не равна Итого 2013;Договор. нагр. не в интервале [0,01: 25]
'01_000001';;;Да;Да;;;;;;;;;;;
'01_000002';;;Да;Да;;;;;;;;;;;Да
'01_000003';;;Да;Да;;;;;;;;;;;
'01_000005';;;Да;Да;;;;;;;;;;;
'01_000006';;;Да;Да;;;;;;;;;;;Да
'01_000007';;;Да;Да;;;;;;;;;;;
'01_000008';;;Да;Да;;;;;;;;;;;Да
'01_000009';;;Да;Да;;;;;;;;;;;Да
'01_000010';;;Да;Да;;;;;;;;;;;
'01_000011';;;Да;Да;;;;;;;;;;;
'01_000012';;;Да;Да;;;;;;;;;;;
'01_000013';;;Да;Да;;;;;;;;;;;
'01_000014';;;Да;Да;;;;;;;;;;;
'01_000015';;;Да;Да;;;;;;;;;;;
'01_000016';;;Да;Да;;;;;;;;;;;
'01_000017';;;Да;Да;;;;;;;;;;;
'01_000018';;;Да;Да;;;;;;;;;;;Да
'01_000019';;;Да;Да;;;;;;;;;;;
'01_000020';;;Да;Да;;;;;;;;;;;Да
'01_000021';;;Да;Да;;;;;;;;;;;
'01_000022';;;Да;Да;;;;;;;;;;;
'01_000023';;;Да;Да;;;;;;;;;;;
'01_000024';;;Да;Да;;;;;;;;;;;
'01_000026';;;Да;Да;;;;;;;;;;;
'01_000027';;;Да;Да;;;;;;;;;;;
'01_000028';;;Да;Да;;;;;;;;;;;
'01_000029';;;Да;Да;;;;;;;;;;;
'01_000030';;;Да;Да;;;;;;;;;;;
'01_000031';;;Да;Да;;;;;;;;;;;
'01_000032';;;Да;Да;;;;;;;;;;;
'01_000033';;;Да;Да;;;;;;;;;;;
'01_000034';;;Да;Да;;;;;;;;;;;
'01_000035';;;Да;Да;;;;;;;;;;;
'01_000036';;;Да;Да;;;;;;;;;;;
'01_000037';;;Да;Да;;;;;;;;;;;Да
'01_000038';;;Да;Да;;;;;;;;;;;Да
'01_000039';;;Да;Да;;;;;;;;;;;Да
'01_000040';;;Да;Да;;;;;;;;;;;Да
'01_000042';;;Да;Да;;;;;;;;;;;
'01_000043';;;Да;Да;;;;;;;;;;;
'01_000044';;;Да;Да;;;;;;;;;;;
'01_000045';;;Да;Да;;;;;;;;;;;
'01_000046';;;Да;Да;;;;;;;;;;;
'01_000047';;;Да;Да;;;;;;;;;;;
'01_000048';;;Да;Да;;;;;;;;;;;
'01_000049';;;Да;Да;;;;;;;;;;;
'01_000050';;;Да;Да;;;;;;;;;;;
'01_000051';;;Да;Да;;;;;;;;;;;Да
'01_000052';;;Да;Да;;;;;;;;;;;Да
'01_000054';;;Да;Да;;;;;;;;;;;
'01_000055';;;Да;Да;;;;;;;;;;;
'01_000056';;;Да;Да;;;;;;;;;;;
'01_000057';;;Да;Да;;;;;;;;;;;
'01_000058';;;Да;Да;;;;;;;;;;;
'01_000059';;;Да;Да;;;;;;;;;;;
'01_000060';;;Да;Да;;;;;;;;;;;
'01_000061';;;Да;Да;;;;;;;;;;;
'01_000062';;;Да;Да;;;;;;;;;;;
'01_000063';;;Да;Да;;;;;;;;;;;
'01_000064';;;Да;Да;;;;;;;;;;;
'01_000065';;;Да;Да;;;;;;;;;;;
'01_000066';;;Да;Да;;;;;;;;;;;
'01_000067';;;Да;Да;;;;;;;;;;;
'01_000068';;;Да;Да;;;;;;;;;;;
'01_000069';;;Да;Да;;;;;;;;;;;Да
'01_000070';;;Да;Да;;;;;;;;;;;
'01_000071';;;Да;Да;;;;;;;;;;;
'01_000072';;;Да;Да;;;;;;;;;;;
'01_000073';;;Да;Да;;;;;;;;;;;
'01_000074';;;Да;Да;;;;;;;;;;;
'01_000075';;;Да;Да;;;;;;;;;;;
'01_000076';;;Да;Да;;;;;;;;;;;Да
'01_000077';;;Да;Да;;;;;;;;;;;
'01_000078';;;Да;Да;;;;;;;;;;;
'01_000079';;;Да;Да;;;;;;;;;;;
'01_000080';;;Да;Да;;;;;;;;;;;
'01_000081';;;Да;Да;;;;;;;;;;;
'01_000082';;;Да;Да;;;;;;;;;;;
'01_000083';;;Да;Да;;;;;;;;;;;Да
'01_000084';;;Да;Да;;;;;;;;;;;
'01_000085';;;Да;Да;;;;;;;;;;;
'01_000086';;;Да;Да;;;;;;;;;;;
'01_000087';;;Да;Да;;;;;;;;;;;
'01_000088';;;Да;Да;;;;;;;;;;;Да
'01_000089';;;Да;Да;;;;;;;;;;;
'01_000090';;;Да;Да;;;;;;;;;;;
'01_000091';;;Да;Да;;;;;;;;;;;
'01_000092';;;Да;Да;;;;;;;;;;;
'01_000093';;;Да;Да;;;;;;;;;;;
'01_000094';;;Да;Да;;;;;;;;;;;
'01_000095';;;Да;Да;;;;;;;;;;;
'01_000096';;;Да;Да;;;;;;;;;;;
'01_000097';;;Да;Да;;;;;;;;;;;
'01_000098';;;Да;Да;;;;;;;;;;;
'01_000099';;;Да;Да;;;;;;;;;;;
'01-0001';;;Да;Да;;;;;;;;;;;Да
'01_000100';;;Да;Да;;;;;;;;;;;
'01_000101';;;Да;Да;;;;;;;;;;;
'01_000102';;;Да;Да;;;;;;;;;;;
'01_000103';;;Да;Да;;;;;;;;;;;Да
'01_000104';;;Да;Да;;;;;;;;;;;Да
'01_000105';;;Да;Да;;;;;;;;;;;Да
'01_000106';;;Да;Да;;;;;;;;;;;
'01_000107';;;Да;Да;;;;;;;;;;;Да
'01_000108';;;Да;Да;;;;;;;;;;;
'01_000109';;;Да;Да;;;;;;;;;;;
'01_000110';;;Да;Да;;;;;;;;;;;
'01_000111';;;Да;Да;;;;;;;;;;;
'01_000112';;;Да;Да;;;;;;;;;;;
'01_000113';;;Да;Да;;;;;;;;;;;
'01_000114';;;Да;Да;;;;;;;;;;;
'01_000115';;;Да;Да;;;;;;;;;;;
'01_000116';;;Да;Да;;;;;;;;;;;
'01_000117';;;Да;Да;;;;;;;;;;;
'01_000118';;;Да;Да;;;;;;;;;;;
'01_000119';;;Да;Да;;;;;;;;;;;
'01_000120';;;Да;Да;;;;;;;;;;;
'01_000121';;;Да;Да;;;;;;;;;;;Да
'01_000122';;;Да;Да;;;;;;;;;;;
'01_000123';;;Да;Да;;;;;;;;;;;Да
'01_000124';;;Да;Да;;;;;;;;;;;
'01_000125';;;Да;Да;;;;;;;;;;;
'01_000126';;;Да;Да;;;;;;;;;;;
'01_000127';;;Да;Да;;;;;;;;;;;Да
'01_000128';;;Да;Да;;;;;;;;;;;Да
'01_000129';;;Да;Да;;;;;;;;;;;
'01_000130';;;Да;Да;;;;;;;;;;;
'01_000131';;;Да;Да;;;;;;;;;;;
'01_000133';;;Да;Да;;;;;;;;;;;
'01_000134';;;Да;Да;;;;;;;;;;;Да
'01_000135';;;Да;Да;;;;;;;;;;;
'01_000136';;;Да;Да;;;;;;;;;;;
'01_000137';;;Да;Да;;;;;;;;;;;
'01_000138';;;Да;Да;;;;;;;;;;;
'01_000139';;;Да;Да;;;;;;;;;;;Да
'01_000140';;;Да;Да;;;;;;;;;;;
'01_000141';;;Да;Да;;;;;;;;;;;
'01_000142';;;Да;Да;;;;;;;;;;;
'01_000143';;;Да;Да;;;;;;;;;;;
'01_000144';;;Да;Да;;;;;;;;;;;
'01_000145';;;Да;Да;;;;;;;;;;;Да
'01_000146';;;Да;Да;;;;;;;;;;;
'01_000147';;;Да;Да;;;;;;;;;;;
'01_000148';;;Да;Да;;;;;;;;;;;
'01_000149';;;Да;Да;;;;;;;;;;;
'01_000150';;;Да;Да;;;;;;;;;;;
'01_000151';;;Да;Да;;;;;;;;;;;
'01_000152';;;Да;Да;;;;;;;;;;;
'01_000153';;;Да;Да;;;;;;;;;;;
'01_000154';;;Да;Да;;;;;;;;;;;
'01_000155';;;Да;Да;;;;;;;;;;;
'01_000156';;;Да;Да;;;;;;;;;;;
'01_000157';;;Да;Да;;;;;;;;;;;
'01_000158';;;Да;Да;;;;;;;;;;;
'01_000159';;;Да;Да;;;;;;;;;;;
'01_000160';;;Да;Да;;;;;;;;;;;Да
'01_000161';;;Да;Да;;;;;;;;;;;
'01_000162';;;Да;Да;;;;;;;;;;;
'01_000163';;;Да;Да;;;;;;;;;;;
'01_000164';;;Да;Да;;;;;;;;;;;
'01_000165';;;Да;Да;;;;;;;;;;;Да
'01_000166';;;Да;Да;;;;;;;;;;;Да
'01_000167';;;Да;Да;;;;;;;;;;;
'01_000168';;;Да;Да;;;;;;;;;;;
'01_000169';;;Да;Да;;;;;;;;;;;
'01_000170';;;Да;Да;;;;;;;;;;;
'01_000171';;;Да;Да;;;;;;;;;;;
'01_000172';;;Да;Да;;;;;;;;;;;
'01_000173';;;Да;Да;;;;;;;;;;;
'01_000174';;;Да;Да;;;;;;;;;;;
'01_000175';;;Да;Да;;;;;;;;;;;
'01_000176';;;Да;Да;;;;;;;;;;;Да
'01_000177';;;Да;Да;;;;;;;;;;;
'01_000178';;;Да;Да;;;;;;;;;;;
'01_000179';;;Да;Да;;;;;;;;;;;
'01_000180';;;Да;Да;;;;;;;;;;;
'01_000181';;;Да;Да;;;;;;;;;;;
'01_000182';;;Да;Да;;;;;;;;;;;
'01_000183';;;Да;Да;;;;;;;;;;;
'01_000184';;;Да;Да;;;;;;;;;;;
'01_000185';;;Да;Да;;;;;;;;;;;Да
'01_000186';;;Да;Да;;;;;;;;;;;Да
'01_000187';;;Да;Да;;;;;;;;;;;
'01_000188';;;Да;Да;;;;;;;;;;;
'01_000189';;;Да;Да;;;;;;;;;;;Да
'01_000190';;;Да;Да;;;;;;;;;;;
'01_000192';;;Да;Да;;;;;;;;;;;
'01_000193';;;Да;Да;;;;;;;;;;;
'01_000194';;;Да;Да;;;;;;;;;;;
'01_000195';;;Да;Да;;;;;;;;;;;
'01_000196';;;Да;Да;;;;;;;;;;;Да
'01_000197';;;Да;Да;;;;;;;;;;;Да
'01_000198';;;Да;Да;;;;;;;;;;;
'01_000199';;;Да;Да;;;;;;;;;;;
'01-0002';;;Да;Да;;;;;;;;;;;Да
'01_000200';;;Да;Да;;;;;;;;;;;
'01_000201';;;Да;Да;;;;;;;;;;;
'01_000202';;;Да;Да;;;;;;;;;;;Да
'01_000203';;;Да;Да;;;;;;;;;;;
'01_000204';;;Да;Да;;;;;;;;;;;
'01-0003';;;Да;Да;;;;;;;;;;;Да
'01-0004';;;Да;Да;;;;;;;;;;;Да
'01-0005';;;Да;Да;;;;;;;;;;;Да
'01-0006';;;Да;Да;;;;;;;;;;;Да
'01-0007';;;Да;Да;;;;;;;;;;;Да
'01-0008';;;Да;Да;;;;;;;;;;;Да
'01-0009';;;Да;Да;;;;;;;;;;;Да
'01-0010';;;Да;Да;;;;;;;;;;;Да
'01-001077';;;Да;Да;;;;;;;;;;;
'01-001078';;;Да;Да;;;;;;;;;;;
'01-001079';;;Да;Да;;;;;;;;;;;
'01-001080';;;Да;Да;;;;;;;;;;;
'01-001084';;;Да;Да;;;;;;;;;;;
'01-001085';;;Да;Да;;;;;;;;;;;
'01-001086';;;Да;Да;;;;;;;;;;;
'01-001087';;;Да;Да;;;;;;;;;;;
'01-001088';;;Да;Да;;;;;;;;;;;
'01-001090';;;Да;Да;;;;;;;;;;;Да
'01-001091';;;Да;Да;;;;;;;;;;;Да
'01-001092';;;Да;Да;;;;;;;;;;;
'01-001093';;;Да;Да;;;;;;;;;;;
'01-001094';;;Да;Да;;;;;;;;;;;Да
'01-001095';;;Да;Да;;;;;;;;;;;
'01-001096';;;Да;Да;;;;;;;;;;;
'01-001097';;;Да;Да;;;;;;;;;;;
'01-001098';;;Да;Да;;;;;;;;;;;Да
'01-001099';;;Да;Да;;;;;;;;;;;
'01-0011';;;Да;Да;;;;;;;;;;;Да
'01-001100';;;Да;Да;;;;;;;;;;;Да
'01-001101';;;Да;Да;;;;;;;;;;;
'01-001102';;;Да;Да;;;;;;;;;;;
'01-001103';;;Да;Да;;;;;;;;;;;Да
'01-001104';;;Да;Да;;;;;;;;;;;
'01-001105';;;Да;Да;;;;;;;;;;;Да
'01-001106';;;Да;Да;;;;;;;;;;;
'01-001107';;;Да;Да;;;;;;;;;;;
'01-001109';;;Да;Да;;;;;;;;;;;
'01-001110';;;Да;Да;;;;;;;;;;;Да
'01-001111';;;Да;Да;;;;;;;;;;;
'01-001112';;;Да;Да;;;;;;;;;;;
'01-001113';;;Да;Да;;;;;;;;;;;
'01-001114';;;Да;Да;;;;;;;;;;;
'01-001115';;;Да;Да;;;;;;;;;;;
'01-001116';;;Да;Да;;;;;;;;;;;
'01-001117';;;Да;Да;;;;;;;;;;;
'01-001118';;;Да;Да;;;;;;;;;;;Да
'01-001119';;;Да;Да;;;;;;;;;;;
'01-001120';;;Да;Да;;;;;;;;;;;
'01-001121';;;Да;Да;;;;;;;;;;;Да
'01-001122';;;Да;Да;;;;;;;;;;;
'01-001123';;;Да;Да;;;;;;;;;;;Да
'01-001124';;;Да;Да;;;;;;;;;;;
'01-001125';;;Да;Да;;;;;;;;;;;
'01-001126';;;Да;Да;;;;;;;;;;;
'01-001127';;;Да;Да;;;;;;;;;;;
'01-001128';;;Да;Да;;;;;;;;;;;
'01-001129';;;Да;Да;;;;;;;;;;;
'01-001130';;;Да;Да;;;;;;;;;;;
'01-001131';;;Да;Да;;;;;;;;;;;Да
'01-001132';;;Да;Да;;;;;;;;;;;
'01-001133';;;Да;Да;;;;;;;;;;;
'01-001134';;;Да;Да;;;;;;;;;;;
'01-001135';;;Да;Да;;;;;;;;;;;
'01-001136';;;Да;Да;;;;;;;;;;;Да
'01-001137';;;Да;Да;;;;;;;;;;;
'01-001138';;;Да;Да;;;;;;;;;;;
'01-001139';;;Да;Да;;;;;;;;;;;
'01-001140';;;Да;Да;;;;;;;;;;;Да
'01-001141';;;Да;Да;;;;;;;;;;;
'01-001142';;;Да;Да;;;;;;;;;;;
'01-001143';;;Да;Да;;;;;;;;;;;
'01-001144';;;Да;Да;;;;;;;;;;;
'01-001145';;;Да;Да;;;;;;;;;;;Да
'01-001146';;;Да;Да;;;;;;;;;;;
'01-001147';;;Да;Да;;;;;;;;;;;Да
'01-001148';;;Да;Да;;;;;;;;;;;
'01-001149';;;Да;Да;;;;;;;;;;;Да
'01-001150';;;Да;Да;;;;;;;;;;;
'01-001151';;;Да;Да;;;;;;;;;;;Да
'01-001152';;;Да;Да;;;;;;;;;;;
'01-001153';;;Да;Да;;;;;;;;;;;
'01-001154';;;Да;Да;;;;;;;;;;;
'01-001156';;;Да;Да;;;;;;;;;;;
'01-001157';;;Да;Да;;;;;;;;;;;
'01-001158';;;Да;Да;;;;;;;;;;;
'01-001159';;;Да;Да;;;;;;;;;;;
'01-001160';;;Да;Да;;;;;;;;;;;
'01-001162';;;Да;Да;;;;;;;;;;;
'01-001163';;;Да;Да;;;;;;;;;;;
'01-001164';;;Да;Да;;;;;;;;;;;
'01-001165';;;Да;Да;;;;;;;;;;;
'01-001166';;;Да;Да;;;;;;;;;;;
'01-001167';;;Да;Да;;;;;;;;;;;
'01-001168';;;Да;Да;;;;;;;;;;;
'01-001169';;;Да;Да;;;;;;;;;;;
'01-001170';;;Да;Да;;;;;;;;;;;
'01-001171';;;Да;Да;;;;;;;;;;;Да
'01-001172';;;Да;Да;;;;;;;;;;;
'01-001173';;;Да;Да;;;;;;;;;;;
'01-001174';;;Да;Да;;;;;;;;;;;
'01-001175';;;Да;Да;;;;;;;;;;;
'01-001176';;;Да;Да;;;;;;;;;;;
'01-001177';;;Да;Да;;;;;;;;;;;
'01-001178';;;Да;Да;;;;;;;;;;;
'01-001179';;;Да;Да;;;;;;;;;;;
'01-001180';;;Да;Да;;;;;;;;;;;Да
'01-001181';;;Да;Да;;;;;;;;;;;
'01-001182';;;Да;Да;;;;;;;;;;;
'01-001183';;;Да;Да;;;;;;;;;;;
'01-001184';;;Да;Да;;;;;;;;;;;
'01-001186';;;Да;Да;;;;;;;;;;;
'01-001187';;;Да;Да;;;;;;;;;;;
'01-001188';;;Да;Да;;;;;;;;;;;
'01-001189';;;Да;Да;;;;;;;;;;;
'01-001190';;;Да;Да;;;;;;;;;;;
'01-001191';;;Да;Да;;;;;;;;;;;
'01-001193';;;Да;Да;;;;;;;;;;;
'01-001194';;;Да;Да;;;;;;;;;;;
'01-001195';;;Да;Да;;;;;;;;;;;
'01-001196';;;Да;Да;;;;;;;;;;;
'01-001197';;;Да;Да;;;;;;;;;;;Да
'01-001198';;;Да;Да;;;;;;;;;;;
'01-001199';;;Да;Да;;;;;;;;;;;
'01-0012';;;Да;Да;;;;;;;;;;;Да
'01-001200';;;Да;Да;;;;;;;;;;;Да
'01-001201';;;Да;Да;;;;;;;;;;;
'01-001202';;;Да;Да;;;;;;;;;;;
'01-001203';;;Да;Да;;;;;;;;;;;
'01-001204';;;Да;Да;;;;;;;;;;;Да
'01-001205';;;Да;Да;;;;;;;;;;;
'01-001206';;;Да;Да;;;;;;;;;;;
'01-001207';;;Да;Да;;;;;;;;;;;Да
'01-001208';;;Да;Да;;;;;;;;;;;
'01-001209';;;Да;Да;;;;;;;;;;;Да
'01-001210';;;Да;Да;;;;;;;;;;;Да
'01-001211';;;Да;Да;;;;;;;;;;;
'01-001212';;;Да;Да;;;;;;;;;;;
'01-001213';;;Да;Да;;;;;;;;;;;
'01-001214';;;Да;Да;;;;;;;;;;;
'01-001215';;;Да;Да;;;;;;;;;;;
'01-001216';;;Да;Да;;;;;;;;;;;
'01-001217';;;Да;Да;;;;;;;;;;;
'01-001218';;;Да;Да;;;;;;;;;;;
'01-001219';;;Да;Да;;;;;;;;;;;
'01-001220';;;Да;Да;;;;;;;;;;;
'01-001221';;;Да;Да;;;;;;;;;;;Да
'01-001222';;;Да;Да;;;;;;;;;;;Да
'01-001223';;;Да;Да;;;;;;;;;;;Да
'01-001224';;;Да;Да;;;;;;;;;;;Да
'01-001226';;;Да;Да;;;;;;;;;;;Да
'01-001227';;;Да;Да;;;;;;;;;;;Да
'01-001228';;;Да;Да;;;;;;;;;;;Да
'01-001229';;;Да;Да;;;;;;;;;;;Да
'01-001230';;;Да;Да;;;;;;;;;;;Да
'01-001231';;;Да;Да;;;;;;;;;;;Да
'01-001232';;;Да;Да;;;;;;;;;;;Да
'01-001233';;;Да;Да;;;;;;;;;;;Да
'01-001234';;;Да;Да;;;;;;;;;;;Да
'01-001235';;;Да;Да;;;;;;;;;;;Да
'01-001236';;;Да;Да;;;;;;;;;;;Да
'01-001237';;;Да;Да;;;;;;;;;;;
'01-001238';;;Да;Да;;;;;;;;;;;
'01-001239';;;Да;Да;;;;;;;;;;;
'01-001240';;;Да;Да;;;;;;;;;;;
'01-001241';;;Да;Да;;;;;;;;;;;Да
'01-001242';;;Да;Да;;;;;;;;;;;
'01-0013';;;Да;Да;;;;;;;;;;;Да
'01-0014';;;Да;Да;;;;;;;;;;;Да
'01-0015';;;Да;Да;;;;;;;;;;;Да
'01-0016';;;Да;Да;;;;;;;;;;;Да
'01-0017';;;Да;Да;;;;;;;;;;;Да
'01-0018';;;Да;Да;;;;;;;;;;;Да
'01-0019';;;Да;Да;;;;;;;;;;;Да
'01-0020';;;Да;Да;;;;;;;;;;;Да
'01-0021';;;Да;Да;;;;;;;;;;;Да
'01-0022';;;Да;Да;;;;;;;;;;;Да
'01-0023';;;Да;Да;;;;;;;;;;;Да
'01-0024';;;Да;Да;;;;;;;;;;;Да
'01-0025';;;Да;Да;;;;;;;;;;;Да
'01-0026';;;Да;Да;;;;;;;;;;;Да
'01-0027';;;Да;Да;;;;;;;;;;;Да
'01-0028';;;Да;Да;;;;;;;;;;;Да
'01-0029';;;Да;Да;;;;;;;;;;;Да
'01-0030';;;Да;Да;;;;;;;;;;;Да
'01-0031';;;Да;Да;;;;;;;;;;;Да
'01-0032';;;Да;Да;;;;;;;;;;;Да
'01-0033';;;Да;Да;;;;;;;;;;;Да
'01-0034';;;Да;Да;;;;;;;;;;;Да
'01-0035';;;Да;Да;;;;;;;;;;;Да
'01-0036';;;Да;Да;;;;;;;;;;;Да
'01-0037';;;Да;Да;;;;;;;;;;;Да
'01-0038';;;Да;Да;;;;;;;;;;;Да
'01-0039';;;Да;Да;;;;;;;;;;;Да
'01-0040';;;Да;Да;;;;;;;;;;;Да
'01-0041';;;Да;Да;;;;;;;;;;;Да
'01-0042';;;Да;Да;;;;;;;;;;;Да
'01-0043';;;Да;Да;;;;;;;;;;;Да
'01-0044';;;Да;Да;;;;;;;;;;;Да
'01-0045';;;Да;Да;;;;;;;;;;;Да
'01-0046';;;Да;Да;;;;;;;;;;;Да
'01-0047';;;Да;Да;;;;;;;;;;;Да
'01-0048';;;Да;Да;;;;;;;;;;;Да
'01-0049';;;Да;Да;;;;;;;;;;;Да
'01-0050';;;Да;Да;;;;;;;;;;;Да
'01-0051';;;Да;Да;;;;;;;;;;;Да
'01-0052';;;Да;Да;;;;;;;;;;;Да
'01-0053';;;Да;Да;;;;;;;;;;;Да
'01-0054';;;Да;Да;;;;;;;;;;;Да
'01-0055';;;Да;Да;;;;;;;;;;;Да
'01-0056';;;Да;Да;;;;;;;;;;;Да
'01-0057';;;Да;Да;;;;;;;;;;;Да
'01-0058';;;Да;Да;;;;;;;;;;;Да
'01-0059';;;Да;Да;;;;;;;;;;;Да
'01-0060';;;Да;Да;;;;;;;;;;;Да
'01-0061';;;Да;Да;;;;;;;;;;;Да
'01-0062';;;Да;Да;;;;;;;;;;;Да
'01-0063';;;Да;Да;;;;;;;;;;;Да
'01-0064';;;Да;Да;;;;;;;;;;;Да
'01-0065';;;Да;Да;;;;;;;;;;;Да
'01-0066';;;Да;Да;;;;;;;;;;;Да
'01-0067';;;Да;Да;;;;;;;;;;;Да
'01-0068';;;Да;Да;;;;;;;;;;;Да
'01-0069';;;Да;Да;;;;;;;;;;;Да
'01-0070';;;Да;Да;;;;;;;;;;;Да
'01-0071';;;Да;Да;;;;;;;;;;;Да
'01-0072';;;Да;Да;;;;;;;;;;;Да
'01-0073';;;Да;Да;;;;;;;;;;;Да
'01-0074';;;Да;Да;;;;;;;;;;;Да
'01-0075';;;Да;Да;;;;;;;;;;;Да
'01-0076';;;Да;Да;;;;;;;;;;;Да
'01-0077';;;Да;Да;;;;;;;;;;;Да
'01-0078';;;Да;Да;;;;;;;;;;;Да
'01-0079';;;Да;Да;;;;;;;;;;;Да
'01-0080';;;Да;Да;;;;;;;;;;;Да
'01-0081';;;Да;Да;;;;;;;;;;;Да
'01-0082';;;Да;Да;;;;;;;;;;;Да
'01-0083';;;Да;Да;;;;;;;;;;;Да
'01-0084';;;Да;Да;;;;;;;;;;;Да
'01-0085';;;Да;Да;;;;;;;;;;;Да
'01-0086';;;Да;Да;;;;;;;;;;;Да
'01-0087';;;Да;Да;;;;;;;;;;;Да
'01-0088';;;Да;Да;;;;;;;;;;;Да
'01-0089';;;Да;Да;;;;;;;;;;;Да
'01-0090';;;Да;Да;;;;;;;;;;;Да
'01-0091';;;Да;Да;;;;;;;;;;;Да
'01-0092';;;Да;Да;;;;;;;;;;;Да
'01-0093';;;Да;Да;;;;;;;;;;;Да
'01-0094';;;Да;Да;;;;;;;;;;;Да
'01-0095';;;Да;Да;;;;;;;;;;;Да
'01-0096';;;Да;Да;;;;;;;;;;;Да
'01-0097';;;Да;Да;;;;;;;;;;;Да
'01-0098';;;Да;Да;;;;;;;;;;;Да
'01-0099';;;Да;Да;;;;;;;;;;;Да
'01-0100';;;Да;Да;;;;;;;;;;;Да
'01-0101';;;Да;Да;;;;;;;;;;;Да
'01-0102';;;Да;Да;;;;;;;;;;;Да
'01-0103';;;Да;Да;;;;;;;;;;;Да
'01-0104';;;Да;Да;;;;;;;;;;;Да
'01-0105';;;Да;Да;;;;;;;;;;;Да
'01-0106';;;Да;Да;;;;;;;;;;;Да
'01-0107';;;Да;Да;;;;;;;;;;;Да
'01-0108';;;Да;Да;;;;;;;;;;;Да
'01-0109';;;Да;Да;;;;;;;;;;;Да
'01-0110';;;Да;Да;;;;;;;;;;;Да
'01-0111';;;Да;Да;;;;;;;;;;;Да
'01-0112';;;Да;Да;;;;;;;;;;;Да
'01-0113';;;Да;Да;;;;;;;;;;;Да
'01-0114';;;Да;Да;;;;;;;;;;;Да
'01-0115';;;Да;Да;;;;;;;;;;;Да
'01-0116';;;Да;Да;;;;;;;;;;;Да
'01-0117';;;Да;Да;;;;;;;;;;;Да
'01-0118';;;Да;Да;;;;;;;;;;;Да
'01-0119';;;Да;Да;;;;;;;;;;;Да
'01-0120';;;Да;Да;;;;;;;;;;;Да
'01-0121';;;Да;Да;;;;;;;;;;;Да
'01-0122';;;Да;Да;;;;;;;;;;;Да
'01-0123';;;Да;Да;;;;;;;;;;;Да
'01-0124';;;Да;Да;;;;;;;;;;;Да
'01-0125';;;Да;Да;;;;;;;;;;;Да
'01-0126';;;Да;Да;;;;;;;;;;;Да
'01-0127';;;Да;Да;;;;;;;;;;;Да
'01-0128';;;Да;Да;;;;;;;;;;;Да
'01-0129';;;Да;Да;;;;;;;;;;;Да
'01-0130';;;Да;Да;;;;;;;;;;;Да
'01-0131';;;Да;Да;;;;;;;;;;;Да
'01-0132';;;Да;Да;;;;;;;;;;;Да
'01-0133';;;Да;Да;;;;;;;;;;;Да
'01-0134';;;Да;Да;;;;;;;;;;;Да
'01-0135';;;Да;Да;;;;;;;;;;;Да
'01-0136';;;Да;Да;;;;;;;;;;;Да
'01-0137';;;Да;Да;;;;;;;;;;;Да
'01-0138';;;Да;Да;;;;;;;;;;;Да
'01-0139';;;Да;Да;;;;;;;;;;;Да
'01-0140';;;Да;Да;;;;;;;;;;;Да
'01-0141';;;Да;Да;;;;;;;;;;;Да
'01-0142';;;Да;Да;;;;;;;;;;;Да
'01-0143';;;Да;Да;;;;;;;;;;;Да
'01-0144';;;Да;Да;;;;;;;;;;;Да
'01-0145';;;Да;Да;;;;;;;;;;;Да
'01-0146';;;Да;Да;;;;;;;;;;;Да
'01-0147';;;Да;Да;;;;;;;;;;;Да
'01-0148';;;Да;Да;;;;;;;;;;;Да
'01-0149';;;Да;Да;;;;;;;;;;;Да
'01-0150';;;Да;Да;;;;;;;;;;;Да
'01-0151';;;Да;Да;;;;;;;;;;;Да
'01-0152';;;Да;Да;;;;;;;;;;;Да
'01-0153';;;Да;Да;;;;;;;;;;;Да
'01-0154';;;Да;Да;;;;;;;;;;;Да
'01-0155';;;Да;Да;;;;;;;;;;;Да
'01-0156';;;Да;Да;;;;;;;;;;;Да
'01-0157';;;Да;Да;;;;;;;;;;;Да
'01-0158';;;Да;Да;;;;;;;;;;;Да
'01-0159';;;Да;Да;;;;;;;;;;;Да
'01-0160';;;Да;Да;;;;;;;;;;;Да
'01-0161';;;Да;Да;;;;;;;;;;;Да
'01-0162';;;Да;Да;;;;;;;;;;;Да
'01-0163';;;Да;Да;;;;;;;;;;;Да
'01-0164';;;Да;Да;;;;;;;;;;;Да
'01-0165';;;Да;Да;;;;;;;;;;;Да
'01-0166';;;Да;Да;;;;;;;;;;;Да
'01-0167';;;Да;Да;;;;;;;;;;;Да
'01-0168';;;Да;Да;;;;;;;;;;;Да
'01-0169';;;Да;Да;;;;;;;;;;;Да
'01-0170';;;Да;Да;;;;;;;;;;;Да
'01-0171';;;Да;Да;;;;;;;;;;;Да
'01-0172';;;Да;Да;;;;;;;;;;;Да
'01-0173';;;Да;Да;;;;;;;;;;;Да
'01-0174';;;Да;Да;;;;;;;;;;;Да
'01-0175';;;Да;Да;;;;;;;;;;;Да
'01-0176';;;Да;Да;;;;;;;;;;;Да
'01-0177';;;Да;Да;;;;;;;;;;;Да
'01-0178';;;Да;Да;;;;;;;;;;;Да
'01-0179';;;Да;Да;;;;;;;;;;;Да
'01-0180';;;Да;Да;;;;;;;;;;;Да
'01-0181';;;Да;Да;;;;;;;;;;;Да
'01-0182';;;Да;Да;;;;;;;;;;;Да
'01-0183';;;Да;Да;;;;;;;;;;;Да
'01-0184';;;Да;Да;;;;;;;;;;;Да
'01-0185';;;Да;Да;;;;;;;;;;;Да
'01-0186';;;Да;Да;;;;;;;;;;;Да
'01-0187';;;Да;Да;;;;;;;;;;;Да
'01-0188';;;Да;Да;;;;;;;;;;;Да
'01-0189';;;Да;Да;;;;;;;;;;;Да
'01-0190';;;Да;Да;;;;;;;;;;;Да
'01-0191';;;Да;Да;;;;;;;;;;;Да
'01-0192';;;Да;Да;;;;;;;;;;;Да
'01-0193';;;Да;Да;;;;;;;;;;;Да
'01-0194';;;Да;Да;;;;;;;;;;;Да
'01-0195';;;Да;Да;;;;;;;;;;;Да
'01-0196';;;Да;Да;;;;;;;;;;;Да
'01-0197';;;Да;Да;;;;;;;;;;;Да
'01-0198';;;Да;Да;;;;;;;;;;;Да
'01-0199';;;Да;Да;;;;;;;;;;;Да
'01-0200';;;Да;Да;;;;;;;;;;;Да
'01-0201';;;Да;Да;;;;;;;;;;;Да
'01-0202';;;Да;Да;;;;;;;;;;;Да
'01-0203';;;Да;Да;;;;;;;;;;;Да
'01-0204';;;Да;Да;;;;;;;;;;;Да
'01-0205';;;Да;Да;;;;;;;;;;;Да
'01-0206';;;Да;Да;;;;;;;;;;;Да
'01-0207';;;Да;Да;;;;;;;;;;;Да
'01-0208';;;Да;Да;;;;;;;;;;;Да
'01-0209';;;Да;Да;;;;;;;;;;;Да
'01-0210';;;Да;Да;;;;;;;;;;;Да
'01-0211';;;Да;Да;;;;;;;;;;;Да
'01-0212';;;Да;Да;;;;;;;;;;;Да
'01-0213';;;Да;Да;;;;;;;;;;;Да
'01-0214';;;Да;Да;;;;;;;;;;;Да
'01-0215';;;Да;Да;;;;;;;;;;;Да
'01-0216';;;Да;Да;;;;;;;;;;;Да
'01-0217';;;Да;Да;;;;;;;;;;;Да
'01-0218';;;Да;Да;;;;;;;;;;;Да
'01-0219';;;Да;Да;;;;;;;;;;;Да
'01-0220';;;Да;Да;;;;;;;;;;;Да
'01-0221';;;Да;Да;;;;;;;;;;;Да
'01-0222';;;Да;Да;;;;;;;;;;;Да
'01-0223';;;Да;Да;;;;;;;;;;;Да
'01-0224';;;Да;Да;;;;;;;;;;;Да
'01-0225';;;Да;Да;;;;;;;;;;;Да
'01-0226';;;Да;Да;;;;;;;;;;;Да
'01-0227';;;Да;Да;;;;;;;;;;;Да
'01-0228';;;Да;Да;;;;;;;;;;;Да
'01-0229';;;Да;Да;;;;;;;;;;;Да
'01-0230';;;Да;Да;;;;;;;;;;;Да
'01-0231';;;Да;Да;;;;;;;;;;;Да
'01-0232';;;Да;Да;;;;;;;;;;;Да
'01-0233';;;Да;Да;;;;;;;;;;;Да
'01-0234';;;Да;Да;;;;;;;;;;;Да
'01-0235';;;Да;Да;;;;;;;;;;;Да
'01-0236';;;Да;Да;;;;;;;;;;;Да
'01-0237';;;Да;Да;;;;;;;;;;;Да
'01-0238';;;Да;Да;;;;;;;;;;;Да
'01-0239';;;Да;Да;;;;;;;;;;;Да
'01-0240';;;Да;Да;;;;;;;;;;;Да
'01-0241';;;Да;Да;;;;;;;;;;;Да
'01-0242';;;Да;Да;;;;;;;;;;;Да
'01-0243';;;Да;Да;;;;;;;;;;;Да
'01-0244';;;Да;Да;;;;;;;;;;;Да
'01-0245';;;Да;Да;;;;;;;;;;;Да
'01-0246';;;Да;Да;;;;;;;;;;;Да
'01-0247';;;Да;Да;;;;;;;;;;;Да
'01-0248';;;Да;Да;;;;;;;;;;;Да
'01-0249';;;Да;Да;;;;;;;;;;;Да
'01-0250';;;Да;Да;;;;;;;;;;;Да
'01-0251';;;Да;Да;;;;;;;;;;;Да
'01-0252';;;Да;Да;;;;;;;;;;;Да
'01-0253';;;Да;Да;;;;;;;;;;;Да
'01-0254';;;Да;Да;;;;;;;;;;;Да
'01-0255';;;Да;Да;;;;;;;;;;;Да
'01-0256';;;Да;Да;;;;;;;;;;;Да
'01-0257';;;Да;Да;;;;;;;;;;;Да
'01-0258';;;Да;Да;;;;;;;;;;;Да
'01-0259';;;Да;Да;;;;;;;;;;;Да
'01-0260';;;Да;Да;;;;;;;;;;;Да
'01-0261';;;Да;Да;;;;;;;;;;;Да
'01-0262';;;Да;Да;;;;;;;;;;;Да
'01-0263';;;Да;Да;;;;;;;;;;;Да
'01-0264';;;Да;Да;;;;;;;;;;;Да
'01-0265';;;Да;Да;;;;;;;;;;;Да
'01-0266';;;Да;Да;;;;;;;;;;;Да
'01-0267';;;Да;Да;;;;;;;;;;;Да
'01-0268';;;Да;Да;;;;;;;;;;;Да
'01-0269';;;Да;Да;;;;;;;;;;;Да
'01-0270';;;Да;Да;;;;;;;;;;;Да
'01-0271';;;Да;Да;;;;;;;;;;;Да
'01-0272';;;Да;Да;;;;;;;;;;;Да
'01-0273';;;Да;Да;;;;;;;;;;;Да
'01-0274';;;Да;Да;;;;;;;;;;;Да
'01-0275';;;Да;Да;;;;;;;;;;;Да
'01-0276';;;Да;Да;;;;;;;;;;;Да
'01-0277';;;Да;Да;;;;;;;;;;;Да
'01-0278';;;Да;Да;;;;;;;;;;;Да
'01-0279';;;Да;Да;;;;;;;;;;;Да
'01-0280';;;Да;Да;;;;;;;;;;;Да
'01-0281';;;Да;Да;;;;;;;;;;;Да
'01-0282';;;Да;Да;;;;;;;;;;;Да
129002;;;Да;;;;;;;;;;;Да;
129003;;;Да;;;;;;;;;;;Да;
129004;;;Да;;;;;;;;;;;Да;
129005;;;Да;;;;;;;;;;;Да;
129006;;;Да;;;;;;;;;;;Да;
129007;;;Да;;;;;;;;;;;Да;
129008;;;Да;;;;;;;;;;;Да;
129009;;;Да;;;;;;;;;;;Да;
129010;;;Да;;;;;;;;;;;Да;
129011;;;Да;;;;;;;;;;;Да;
129012;;;Да;;;;;;;;;;;Да;
129013;;;Да;;;;;;;;;;;Да;
129014;;;Да;;;;;;;;;;;Да;
129015;;;Да;;;;;;;;;;;Да;
129016;;;Да;;;;;;;;;;;Да;
129017;;;Да;;;;;;;;;;;Да;
129018;;;Да;;;;;;;;;;;Да;
129019;;;Да;;;;;;;;;;;Да;
129020;;;Да;;;;;;;;;;;Да;
129021;;;Да;;;;;;;;;;;Да;
129022;;;Да;;;;;;;;;;;Да;
129023;;;Да;;;;;;;;;;;Да;
129025;;;Да;;;;;;;;;;;Да;
129026;;;Да;;;;;;;;;;;Да;
129027;;;Да;;;;;;;;;;;Да;
129028;;;Да;;;;;;;;;;;Да;
129029;;;Да;;;;;;;;;;;Да;
129030;;;Да;;;;;;;;;;;Да;
129031;;;Да;;;;;;;;;;;Да;
129032;;;Да;;;;;;;;;;;Да;
129033;;;Да;;;;;;;;;;;Да;
129034;;;Да;;;;;;;;;;;Да;
129035;;;Да;;;;;;;;;;;Да;
129036;;;Да;;;;;;;;;;;Да;
129037;;;Да;;;;;;;;;;;Да;
129038;;;Да;;;;;;;;;;;Да;
129039;;;Да;;;;;;;;;;;Да;
129040;;;Да;;;;;;;;;;;Да;
129041;;;Да;;;;;;;;;;;Да;
129042;;;Да;;;;;;;;;;;Да;
129043;;;Да;;;;;;;;;;;Да;
129044;;;Да;;;;;;;;;;;Да;
129045;;;Да;;;;;;;;;;;Да;
129046;;;Да;;;;;;;;;;;Да;
129047;;;Да;;;;;;;;;;;Да;
129048;;;Да;;;;;;;;;;;Да;
129049;;;Да;;;;;;;;;;;Да;
129050;;;Да;;;;;;;;;;;Да;
129051;;;Да;;;;;;;;;;;Да;
129052;;;Да;;;;;;;;;;;Да;
129053;;;Да;;;;;;;;;;;Да;
129054;;;Да;;;;;;;;;;;Да;
129055;;;Да;;;;;;;;;;;Да;
129056;;;Да;;;;;;;;;;;Да;
129057;;;Да;;;;;;;;;;;Да;
129058;;;Да;;;;;;;;;;;Да;
129059;;;Да;;;;;;;;;;;Да;
129060;;;Да;;;;;;;;;;;Да;
129061;;;Да;;;;;;;;;;;Да;
129062;;;Да;;;;;;;;;;;Да;
129063;;;Да;;;;;;;;;;;Да;
129064;;;Да;;;;;;;;;;;Да;
129065;;;Да;;;;;;;;;;;Да;
129066;;;Да;;;;;;;;;;;Да;
129067;;;Да;;;;;;;;;;;Да;
129068;;;Да;;;;;;;;;;;Да;
129069;;;Да;;;;;;;;;;;Да;
129070;;;Да;;;;;;;;;;;Да;
129071;;;Да;;;;;;;;;;;Да;
129072;;;Да;;;;;;;;;;;Да;
129073;;;Да;;;;;;;;;;;Да;
129074;;;Да;;;;;;;;;;;Да;
129075;;;Да;;;;;;;;;;;Да;
129076;;;Да;;;;;;;;;;;Да;
129077;;;Да;;;;;;;;;;;Да;
129078;;;Да;;;;;;;;;;;Да;
129079;;;Да;;;;;;;;;;;Да;
129080;;;Да;;;;;;;;;;;Да;
129081;;;Да;;;;;;;;;;;Да;
129082;;;Да;;;;;;;;;;;Да;
129083;;;Да;;;;;;;;;;;Да;
129084;;;Да;;;;;;;;;;;Да;
129085;;;Да;;;;;;;;;;;Да;
129086;;;Да;;;;;;;;;;;Да;
129087;;;Да;;;;;;;;;;;Да;
129088;;;Да;;;;;;;;;;;Да;
129089;;;Да;;;;;;;;;;;Да;
129090;;;Да;;;;;;;;;;;Да;
129091;;;Да;;;;;;;;;;;Да;
129092;;;Да;;;;;;;;;;;Да;
129093;;;Да;;;;;;;;;;;Да;
129094;;;Да;;;;;;;;;;;Да;
129095;;;Да;;;;;;;;;;;Да;
129096;;;Да;;;;;;;;;;;Да;
129097;;;Да;;;;;;;;;;;Да;
129098;;;Да;;;;;;;;;;;Да;
129099;;;Да;;;;;;;;;;;Да;
129100;;;Да;;;;;;;;;;;Да;
129101;;;Да;;;;;;;;;;;Да;
129102;;;Да;;;;;;;;;;;Да;
129103;;;Да;;;;;;;;;;;Да;
129104;;;Да;;;;;;;;;;;Да;
129105;;;Да;;;;;;;;;;;Да;
129106;;;Да;;;;;;;;;;;Да;
129107;;;Да;;;;;;;;;;;Да;Да
129108;;;Да;;;;;;;;;;;Да;
129109;;;Да;;;;;;;;;;;Да;
129110;;;Да;;;;;;;;;;;Да;
129111;;;Да;;;;;;;;;;;Да;
129112;;;Да;;;;;;;;;;;Да;
129113;;;Да;;;;;;;;;;;Да;
129114;;;Да;;;;;;;;;;;Да;
129115;;;Да;;;;;;;;;;;Да;
129116;;;Да;;;;;;;;;;;Да;
129117;;;Да;;;;;;;;;;;Да;
129118;;;Да;;;;;;;;;;;;
129119;;;Да;;;;;;;;;;;Да;
129120;;;Да;;;;;;;;;;;Да;
129121;;;Да;;;;;;;;;;;Да;
129122;;;Да;;;;;;;;;;;Да;
129123;;;Да;;;;;;;;;;;Да;
129124;;;Да;;;;;;;;;;;Да;
129125;;;Да;;;;;;;;;;;Да;
129126;;;Да;;;;;;;;;;;Да;
129127;;;Да;;;;;;;;;;;Да;
129128;;;Да;;;;;;;;;;;Да;
129129;;;Да;;;;;;;;;;;Да;
129130;;;Да;;;;;;;;;;;Да;
129131;;;Да;;;;;;;;;;;Да;
129132;;;Да;;;;;;;;;;;Да;
129133;;;Да;;;;;;;;;;;Да;
129134;;;Да;;;;;;;;;;;Да;
129135;;;Да;;;;;;;;;;;Да;
129136;;;Да;;;;;;;;;;;Да;
129137;;;Да;;;;;;;;;;;;
129138;;;Да;;;;;;;;;;;Да;
129139;;;Да;;;;;;;;;;;Да;
129140;;;Да;;;;;;;;;;;Да;
129141;;;Да;;;;;;;;;;;Да;
129142;;;Да;;;;;;;;;;;Да;
129143;;;Да;;;;;;;;;;;Да;
129144;;;Да;;;;;;;;;;;;
129145;;;Да;;;;;;;;;;;Да;
129146;;;Да;;;;;;;;;;;Да;
129147;;;Да;;;;;;;;;;;Да;
129148;;;Да;;;;;;;;;;;Да;
129149;;;Да;;;;;;;;;;;Да;
129150;;;Да;;;;;;;;;;;Да;
129151;;;Да;;;;;;;;;;;Да;
129152;;;Да;;;;;;;;;;;Да;
129153;;;Да;;;;;;;;;;;Да;
129154;;;Да;;;;;;;;;;;Да;
129155;;;Да;;;;;;;;;;;Да;
129156;;;Да;;;;;;;;;;;Да;
129157;;;Да;;;;;;;;;;;Да;
129158;;;Да;;;;;;;;;;;Да;
129159;;;Да;;;;;;;;;;;Да;
129160;;;Да;;;;;;;;;;;Да;
129161;;;Да;;;;;;;;;;;Да;
129162;;;Да;;;;;;;;;;;Да;
129163;;;Да;;;;;;;;;;;Да;
129164;;;Да;;;;;;;;;;;;
129165;;;Да;;;;;;;;;;;Да;
129166;;;Да;;;;;;;;;;;Да;
129167;;;Да;;;;;;;;;;;Да;
129168;;;Да;;;;;;;;;;;Да;
129169;;;Да;;;;;;;;;;;Да;
129170;;;Да;;;;;;;;;;;Да;
129171;;;Да;;;;;;;;;;;Да;
129172;;;Да;;;;;;;;;;;Да;
129173;;;Да;;;;;;;;;;;Да;
129174;;;Да;;;;;;;;;;;Да;
129175;;;Да;;;;;;;;;;;Да;
129176;;;Да;;;;;;;;;;;Да;
129177;;;Да;;;;;;;;;;;Да;
129178;;;Да;;;;;;;;;;;;
129179;;;Да;;;;;;;;;;;Да;
129180;;;Да;;;;;;;;;;;Да;
129181;;;Да;;;;;;;;;;;Да;
129182;;;Да;;;;;;;;;;;Да;
129183;;;Да;;;;;;;;;;;Да;
129184;;;Да;;;;;;;;;;;Да;
129185;;;Да;;;;;;;;;;;Да;
129186;;;Да;;;;;;;;;;;Да;
129187;;;Да;;;;;;;;;;;Да;
129188;;;Да;;;;;;;;;;;Да;
129189;;;Да;;;;;;;;;;;Да;
129190;;;Да;;;;;;;;;;;Да;
129191;;;Да;;;;;;;;;;;Да;
129192;;;Да;;;;;;;;;;;Да;
129193;;;Да;;;;;;;;;;;Да;
129194;;;Да;;;;;;;;;;;Да;
129195;;;Да;;;;;;;;;;;Да;
129196;;;Да;;;;;;;;;;;Да;
129197;;;Да;;;;;;;;;;;Да;
129198;;;Да;;;;;;;;;;;Да;
129199;;;Да;;;;;;;;;;;Да;
129200;;;Да;;;;;;;;;;;Да;
129201;;;Да;;;;;;;;;;;Да;
129202;;;Да;;;;;;;;;;;Да;
129203;;;Да;;;;;;;;;;;Да;
129204;;;Да;;;;;;;;;;;Да;
129205;;;Да;;;;;;;;;;;Да;
129206;;;Да;;;;;;;;;;;Да;
129207;;;Да;;;;;;;;;;;Да;
129208;;;Да;;;;;;;;;;;Да;
129209;;;Да;;;;;;;;;;;Да;
129210;;;Да;;;;;;;;;;;Да;
129211;;;Да;;;;;;;;;;;Да;
129212;;;Да;;;;;;;;;;;Да;
129213;;;Да;;;;;;;;;;;Да;
129214;;;Да;;;;;;;;;;;Да;
129215;;;Да;;;;;;;;;;;Да;
129216;;;Да;;;;;;;;;;;Да;
129217;;;Да;;;;;;;;;;;Да;
129218;;;Да;;;;;;;;;;;Да;
129219;;;Да;;;;;;;;;;;Да;
129220;;;Да;;;;;;;;;;;Да;
129221;;;Да;;;;;;;;;;;Да;
129222;;;Да;;;;;;;;;;;Да;
129223;;;Да;;;;;;;;;;;Да;
129224;;;Да;;;;;;;;;;;Да;
129225;;;Да;;;;;;;;;;;Да;
129226;;;Да;;;;;;;;;;;Да;
129227;;;Да;;;;;;;;;;;Да;
129228;;;Да;;;;;;;;;;;Да;
129229;;;Да;;;;;;;;;;;Да;
129230;;;Да;;;;;;;;;;;Да;
129231;;;Да;;;;;;;;;;;Да;
129232;;;Да;;;;;;;;;;;Да;
129233;;;Да;;;;;;;;;;;Да;
129234;;;Да;;;;;;;;;;;Да;
129235;;;Да;;;;;;;;;;;Да;
129236;;;Да;;;;;;;;;;;Да;
129237;;;Да;;;;;;;;;;;Да;
129238;;;Да;;;;;;;;;;;Да;
129239;;;Да;;;;;;;;;;;Да;
129240;;;Да;;;;;;;;;;;Да;
129241;;;Да;;;;;;;;;;;Да;
129242;;;Да;;;;;;;;;;;Да;
129243;;;Да;;;;;;;;;;;Да;
129244;;;Да;;;;;;;;;;;Да;
129245;;;Да;;;;;;;;;;;Да;
129246;;;Да;;;;;;;;;;;Да;
129247;;;Да;;;;;;;;;;;;
129248;;;Да;;;;;;;;;;;;
129249;;;Да;;;;;;;;;;;;
129250;;;Да;;;;;;;;;;;Да;
129251;;;Да;;;;;;;;;;;Да;
129252;;;Да;;;;;;;;;;;Да;
129253;;;Да;;;;;;;;;;;Да;
129254;;;Да;;;;;;;;;;;Да;
129255;;;Да;;;;;;;;;;;Да;
129256;;;Да;;;;;;;;;;;Да;
129257;;;Да;;;;;;;;;;;Да;
129258;;;Да;;;;;;;;;;;Да;
129259;;;Да;;;;;;;;;;;Да;
129260;;;Да;;;;;;;;;;;Да;
129261;;;Да;;;;;;;;;;;Да;
129262;;;Да;;;;;;;;;;;Да;
129263;;;Да;;;;;;;;;;;Да;
129264;;;Да;;;;;;;;;;;Да;
129265;;;Да;;;;;;;;;;;Да;
129266;;;Да;;;;;;;;;;;Да;
129267;;;Да;;;;;;;;;;;Да;
129268;;;Да;;;;;;;;;;;Да;
129269;;;Да;;;;;;;;;;;Да;
129270;;;Да;;;;;;;;;;;Да;
129271;;;Да;;;;;;;;;;;Да;
129272;;;Да;;;;;;;;;;;Да;
129273;;;Да;;;;;;;;;;;Да;
129274;;;Да;;;;;;;;;;;Да;
129275;;;Да;;;;;;;;;;;Да;
129276;;;Да;;;;;;;;;;;Да;
129277;;;Да;;;;;;;;;;;Да;
129278;;;Да;;;;;;;;;;;Да;
129279;;;Да;;;;;;;;;;;Да;
129280;;;Да;;;;;;;;;;;Да;
129281;;;Да;;;;;;;;;;;Да;
129282;;;Да;;;;;;;;;;;Да;
129283;;;Да;;;;;;;;;;;Да;
129284;;;Да;;;;;;;;;;;Да;
129285;;;Да;;;;;;;;;;;Да;
129286;;;Да;;;;;;;;;;;Да;
129287;;;Да;;;;;;;;;;;Да;
129288;;;Да;;;;;;;;;;;Да;
129289;;;Да;;;;;;;;;;;Да;
129290;;;Да;;;;;;;;;;;Да;
129291;;;Да;;;;;;;;;;;Да;
129292;;;Да;;;;;;;;;;;Да;
129293;;;Да;;;;;;;;;;;Да;
129294;;;Да;;;;;;;;;;;Да;
129295;;;Да;;;;;;;;;;;Да;
129296;;;Да;;;;;;;;;;;Да;
129297;;;Да;;;;;;;;;;;Да;
129298;;;Да;;;;;;;;;;;Да;
129299;;;Да;;;;;;;;;;;Да;
129300;;;Да;;;;;;;;;;;Да;
129301;;;Да;;;;;;;;;;;Да;
129302;;;Да;;;;;;;;;;;Да;
129303;;;Да;;;;;;;;;;;Да;
129304;;;Да;;;;;;;;;;;Да;
129305;;;Да;;;;;;;;;;;Да;
129306;;;Да;;;;;;;;;;;Да;
129307;;;Да;;;;;;;;;;;Да;
129308;;;Да;;;;;;;;;;;Да;
129309;;;Да;;;;;;;;;;;Да;
129310;;;Да;;;;;;;;;;;Да;
129311;;;Да;;;;;;;;;;;Да;
129312;;;Да;;;;;;;;;;;Да;
129313;;;Да;;;;;;;;;;;Да;
129314;;;Да;;;;;;;;;;;Да;
129315;;;Да;;;;;;;;;;;Да;
129316;;;Да;;;;;;;;;;;Да;
129317;;;Да;;;;;;;;;;;Да;
129318;;;Да;;;;;;;;;;;Да;
129319;;;Да;;;;;;;;;;;Да;
129320;;;Да;;;;;;;;;;;Да;
129321;;;Да;;;;;;;;;;;Да;
129322;;;Да;;;;;;;;;;;Да;
129323;;;Да;;;;;;;;;;;Да;
129324;;;Да;;;;;;;;;;;Да;
129325;;;Да;;;;;;;;;;;Да;
129326;;;Да;;;;;;;;;;;Да;
129327;;;Да;;;;;;;;;;;Да;
129328;;;Да;;;;;;;;;;;;
129329;;;Да;;;;;;;;;;;;
129330;;;Да;;;;;;;;;;;Да;
129331;;;Да;;;;;;;;;;;Да;
129332;;;Да;;;;;;;;;;;Да;
129333;;;Да;;;;;;;;;;;Да;
129334;;;Да;;;;;;;;;;;Да;
129335;;;Да;;;;;;;;;;;Да;
129336;;;Да;;;;;;;;;;;Да;
129337;;;Да;;;;;;;;;;;Да;
129338;;;Да;;;;;;;;;;;Да;
129339;;;Да;;;;;;;;;;;Да;
129340;;;Да;;;;;;;;;;;Да;
129341;;;Да;;;;;;;;;;;Да;
129342;;;Да;;;;;;;;;;;Да;
129343;;;Да;;;;;;;;;;;Да;
129344;;;Да;;;;;;;;;;;Да;
129345;;;Да;;;;;;;;;;;Да;
129346;;;Да;;;;;;;;;;;Да;
129347;;;Да;;;;;;;;;;;Да;
129348;;;Да;;;;;;;;;;;Да;
129349;;;Да;;;;;;;;;;;Да;
129350;;;Да;;;;;;;;;;;Да;
129351;;;Да;;;;;;;;;;;Да;
129352;;;Да;;;;;;;;;;;Да;
129353;;;Да;;;;;;;;;;;Да;
129354;;;Да;;;;;;;;;;;Да;
129355;;;Да;;;;;;;;;;;Да;
129356;;;Да;;;;;;;;;;;Да;
129357;;;Да;;;;;;;;;;;Да;
129358;;;Да;;;;;;;;;;;Да;
129359;;;Да;;;;;;;;;;;Да;
129360;;;Да;;;;;;;;;;;Да;
129361;;;Да;;;;;;;;;;;Да;
129362;;;Да;;;;;;;;;;;Да;
129363;;;Да;;;;;;;;;;;Да;
129364;;;Да;;;;;;;;;;;Да;
129365;;;Да;;;;;;;;;;;Да;
129366;;;Да;;;;;;;;;;;Да;
129367;;;Да;;;;;;;;;;;Да;
129368;;;Да;;;;;;;;;;;Да;
129369;;;Да;;;;;;;;;;;Да;
129370;;;Да;;;;;;;;;;;Да;
129371;;;Да;;;;;;;;;;;Да;
129372;;;Да;;;;;;;;;;;Да;
129373;;;Да;;;;;;;;;;;Да;
129374;;;Да;;;;;;;;;;;Да;
129375;;;Да;;;;;;;;;;;Да;
129376;;;Да;;;;;;;;;;;Да;
129377;;;Да;;;;;;;;;;;Да;
129378;;;Да;;;;;;;;;;;Да;
129379;;;Да;;;;;;;;;;;Да;
129380;;;Да;;;;;;;;;;;Да;
129381;;;Да;;;;;;;;;;;Да;
129382;;;Да;;;;;;;;;;;Да;
129383;;;Да;;;;;;;;;;;Да;
129384;;;Да;;;;;;;;;;;Да;
129385;;;Да;;;;;;;;;;;Да;
129386;;;Да;;;;;;;;;;;Да;
129387;;;Да;;;;;;;;;;;Да;
129388;;;Да;;;;;;;;;;;;
129389;;;Да;;;;;;;;;;;Да;
129390;;;Да;;;;;;;;;;;Да;
129391;;;Да;;;;;;;;;;;Да;
129392;;;Да;;;;;;;;;;;Да;
129393;;;Да;;;;;;;;;;;Да;
129394;;;Да;;;;;;;;;;;;
129395;;;Да;;;;;;;;;;;Да;
129396;;;Да;;;;;;;;;;;Да;
129397;;;Да;;;;;;;;;;;Да;
129398;;;Да;;;;;;;;;;;Да;
129399;;;Да;;;;;;;;;;;Да;
129400;;;Да;;;;;;;;;;;Да;
129401;;;Да;;;;;;;;;;;Да;
129402;;;Да;;;;;;;;;;;Да;
129403;;;Да;;;;;;;;;;;Да;
129404;;;Да;;;;;;;;;;;Да;
129405;;;Да;;;;;;;;;;;Да;
129406;;;Да;;;;;;;;;;;Да;
129407;;;Да;;;;;;;;;;;Да;
129408;;;Да;;;;;;;;;;;Да;
129409;;;Да;;;;;;;;;;;Да;
129410;;;Да;;;;;;;;;;;Да;
129411;;;Да;;;;;;;;;;;Да;
129412;;;Да;;;;;;;;;;;Да;
129413;;;Да;;;;;;;;;;;Да;
129414;;;Да;;;;;;;;;;;Да;
129415;;;Да;;;;;;;;;;;Да;
129416;;;Да;;;;;;;;;;;Да;
129417;;;Да;;;;;;;;;;;;
129418;;;Да;;;;;;;;;;;Да;
129419;;;Да;;;;;;;;;;;Да;
129420;;;Да;;;;;;;;;;;Да;
129421;;;Да;;;;;;;;;;;Да;
129422;;;Да;;;;;;;;;;;Да;
129423;;;Да;;;;;;;;;;;Да;
129424;;;Да;;;;;;;;;;;Да;
129425;;;Да;;;;;;;;;;;Да;
129426;;;Да;;;;;;;;;;;Да;
129427;;;Да;;;;;;;;;;;Да;
129428;;;Да;;;;;;;;;;;Да;
129429;;;Да;;;;;;;;;;;Да;
129430;;;Да;;;;;;;;;;;Да;
129431;;;Да;;;;;;;;;;;Да;
129432;;;Да;;;;;;;;;;;Да;
129433;;;Да;;;;;;;;;;;Да;
129434;;;Да;;;;;;;;;;;Да;
129435;;;Да;;;;;;;;;;;Да;
129436;;;Да;;;;;;;;;;;Да;
129437;;;Да;;;;;;;;;;;Да;
129438;;;Да;;;;;;;;;;;Да;
129439;;;Да;;;;;;;;;;;Да;
129440;;;Да;;;;;;;;;;;Да;Да
129441;;;Да;;;;;;;;;;;Да;
129442;;;Да;;;;;;;;;;;Да;
129443;;;Да;;;;;;;;;;;Да;
129444;;;Да;;;;;;;;;;;Да;
129445;;;Да;;;;;;;;;;;Да;
129446;;;Да;;;;;;;;;;;Да;
129447;;;Да;;;;;;;;;;;Да;
129448;;;Да;;;;;;;;;;;Да;
129449;;;Да;;;;;;;;;;;Да;
129450;;;Да;;;;;;;;;;;Да;
129451;;;Да;;;;;;;;;;;Да;
129452;;;Да;;;;;;;;;;;Да;
129453;;;Да;;;;;;;;;;;Да;
129454;;;Да;;;;;;;;;;;Да;
129455;;;Да;;;;;;;;;;;Да;
129456;;;Да;;;;;;;;;;;Да;
129457;;;Да;;;;;;;;;;;Да;
129458;;;Да;;;;;;;;;;;Да;
129459;;;Да;;;;;;;;;;;Да;
129460;;;Да;;;;;;;;;;;Да;
129461;;;Да;;;;;;;;;;;Да;
129462;;;Да;;;;;;;;;;;Да;
129463;;;Да;;;;;;;;;;;Да;
129464;;;Да;;;;;;;;;;;Да;
129465;;;Да;;;;;;;;;;;Да;
129466;;;Да;;;;;;;;;;;Да;
129467;;;Да;;;;;;;;;;;Да;
129468;;;Да;;;;;;;;;;;Да;
129470;;;Да;;;;;;;;;;;Да;
129471;;;Да;;;;;;;;;;;Да;
129472;;;Да;;;;;;;;;;;Да;
129473;;;Да;;;;;;;;;;;Да;
129474;;;Да;;;;;;;;;;;Да;
129475;;;Да;;;;;;;;;;;Да;
129476;;;Да;;;;;;;;;;;Да;
129477;;;Да;;;;;;;;;;;Да;
129478;;;Да;;;;;;;;;;;Да;
129479;;;Да;;;;;;;;;;;Да;
129480;;;Да;;;;;;;;;;;Да;
129481;;;Да;;;;;;;;;;;Да;
129482;;;Да;;;;;;;;;;;Да;
129483;;;Да;;;;;;;;;;;;
129484;;;Да;;;;;;;;;;;Да;
129485;;;Да;;;;;;;;;;;Да;
129486;;;Да;;;;;;;;;;;Да;
129487;;;Да;;;;;;;;;;;Да;
129488;;;Да;;;;;;;;;;;Да;
129489;;;Да;;;;;;;;;;;Да;
129490;;;Да;;;;;;;;;;;Да;
129491;;;Да;;;;;;;;;;;Да;
129492;;;Да;;;;;;;;;;;Да;
129493;;;Да;;;;;;;;;;;Да;
129494;;;Да;;;;;;;;;;;;
129495;;;Да;;;;;;;;;;;Да;
129496;;;Да;;;;;;;;;;;Да;
129497;;;Да;;;;;;;;;;;Да;
129498;;;Да;;;;;;;;;;;Да;
129499;;;Да;;;;;;;;;;;Да;
129500;;;Да;;;;;;;;;;;Да;
129501;;;Да;;;;;;;;;;;Да;
129502;;;Да;;;;;;;;;;;Да;
129503;;;Да;;;;;;;;;;;Да;
129504;;;Да;;;;;;;;;;;Да;
129505;;;Да;;;;;;;;;;;Да;
129506;;;Да;;;;;;;;;;;Да;
129507;;;Да;;;;;;;;;;;Да;
129508;;;Да;;;;;;;;;;;Да;
129509;;;Да;;;;;;;;;;;Да;
129510;;;Да;;;;;;;;;;;Да;
129511;;;Да;;;;;;;;;;;Да;
129512;;;Да;;;;;;;;;;;Да;
129513;;;Да;;;;;;;;;;;Да;
129514;;;Да;;;;;;;;;;;Да;
129515;;;Да;;;;;;;;;;;Да;
129516;;;Да;;;;;;;;;;;Да;
129517;;;Да;;;;;;;;;;;Да;
129518;;;Да;;;;;;;;;;;Да;
129519;;;Да;;;;;;;;;;;Да;
129520;;;Да;;;;;;;;;;;Да;
129521;;;Да;;;;;;;;;;;Да;
129522;;;Да;;;;;;;;;;;Да;
129523;;;Да;;;;;;;;;;;Да;
129524;;;Да;;;;;;;;;;;Да;
129525;;;Да;;;;;;;;;;;Да;
129526;;;Да;;;;;;;;;;;Да;
129527;;;Да;;;;;;;;;;;Да;
129528;;;Да;;;;;;;;;;;Да;
129529;;;Да;;;;;;;;;;;Да;
129530;;;Да;;;;;;;;;;;Да;
129531;;;Да;;;;;;;;;;;Да;
129532;;;Да;;;;;;;;;;;Да;
129533;;;Да;;;;;;;;;;;Да;
129534;;;Да;;;;;;;;;;;Да;
129535;;;Да;;;;;;;;;;;Да;
129536;;;Да;;;;;;;;;;;Да;
129537;;;Да;;;;;;;;;;;Да;
129538;;;Да;;;;;;;;;;;Да;
129539;;;Да;;;;;;;;;;;Да;
129540;;;Да;;;;;;;;;;;Да;
129541;;;Да;;;;;;;;;;;Да;
129542;;;Да;;;;;;;;;;;Да;
129543;;;Да;;;;;;;;;;;Да;
129544;;;Да;;;;;;;;;;;Да;
129545;;;Да;;;;;;;;;;;Да;
129546;;;Да;;;;;;;;;;;Да;
129547;;;Да;;;;;;;;;;;Да;
129548;;;Да;;;;;;;;;;;Да;
129553;;;Да;;;;;;;;;;;Да;
129554;;;Да;;;;;;;;;;;Да;
129555;;;Да;;;;;;;;;;;Да;
129556;;;Да;;;;;;;;;;;Да;
129557;;;Да;;;;;;;;;;;Да;
129558;;;Да;;;;;;;;;;;Да;
129559;;;Да;;;;;;;;;;;Да;
129560;;;Да;;;;;;;;;;;Да;
129561;;;Да;;;;;;;;;;;Да;
129562;;;Да;;;;;;;;;;;Да;
129563;;;Да;;;;;;;;;;;Да;
129564;;;Да;;;;;;;;;;;Да;
129565;;;Да;;;;;;;;;;;Да;
129566;;;Да;;;;;;;;;;;Да;
129567;;;Да;;;;;;;;;;;Да;
129568;;;Да;;;;;;;;;;;Да;
129569;;;Да;;;;;;;;;;;Да;
129570;;;Да;;;;;;;;;;;Да;
129571;;;Да;;;;;;;;;;;Да;
129572;;;Да;;;;;;;;;;;Да;
129573;;;Да;;;;;;;;;;;Да;
129574;;;Да;;;;;;;;;;;Да;
129575;;;Да;;;;;;;;;;;Да;
129576;;;Да;;;;;;;;;;;Да;
129577;;;Да;;;;;;;;;;;Да;
129578;;;Да;;;;;;;;;;;;
129579;;;Да;;Да;;Да;Да;Да;;Да;;Да;Да;
129580;;;Да;;;;;;;;;;;Да;
129581;;;Да;;;;;;;;;;;Да;
129582;;;Да;;;;;;;;;;;Да;Да
129583;;;Да;;;;;;;;;;;Да;
129584;;;Да;;;;;;;;;;;Да;
129585;;;Да;;;;;;;;;;;Да;
129586;;;Да;;;;;;;;;;;Да;
129587;;;Да;;;;;;;;;;;Да;
129588;;;Да;;;;;;;;;;;Да;
129589;;;Да;;;;;;;;;;;Да;
129590;;;Да;;;;;;;;;;;Да;
129591;;;Да;;;;;;;;;;;Да;
129592;;;Да;;;;;;;;;;;Да;
129593;;;Да;;;;;;;;;;;Да;
129594;;;Да;;;;;;;;;;;Да;
129595;;;Да;;;;;;;;;;;Да;
129596;;;Да;;;;;;;;;;;Да;
129597;;;Да;;;;;;;;;;;Да;
129598;;;Да;;;;;;;;;;;Да;
129599;;;Да;;;;;;;;;;;Да;
129600;;;Да;;;;;;;;;;;Да;
129601;;;Да;;;;;;;;;;;Да;
129602;;;Да;;;;;;;;;;;Да;
129603;;;Да;;;;;;;;;;;Да;
129604;;;Да;;;;;;;;;;;Да;
129605;;;Да;;;;;;;;;;;Да;
129606;;;Да;;;;;;;;;;;Да;
129607;;;Да;;;;;;;;;;;Да;
129608;;;Да;;;;;;;;;;;Да;
129609;;;Да;;;;;;;;;;;Да;
129610;;;Да;;;;;;;;;;;Да;
129611;;;Да;;;;;;;;;;;Да;
129612;;;Да;;;;;;;;;;;Да;
129613;;;Да;;;;;;;;;;;Да;
129614;;;Да;;;;;;;;;;;Да;
129615;;;Да;;;;;;;;;;;Да;
129616;;;Да;;;;;;;;;;;Да;
129617;;;Да;;;;;;;;;;;Да;
129618;;;Да;;;;;;;;;;;Да;
129619;;;Да;;;;;;;;;;;Да;
129620;;;Да;;;;;;;;;;;Да;
129621;;;Да;;;;;;;;;;;Да;
129622;;;Да;;;;;;;;;;;Да;
129623;;;Да;;;;;;;;;;;Да;
129624;;;Да;;;;;;;;;;;Да;
129625;;;Да;;;;;;;;;;;Да;
129626;;;Да;;;;;;;;;;;Да;
129627;;;Да;;;;;;;;;;;Да;
129628;;;Да;;;;;;;;;;;Да;
129629;;;Да;;;;;;;;;;;Да;
129630;;;Да;;;;;;;;;;;Да;
129631;;;Да;;;;;;;;;;;Да;
129632;;;Да;;;;;;;;;;;Да;
129633;;;Да;;;;;;;;;;;Да;
129634;;;Да;;;;;;;;;;;Да;
129635;;;Да;;;;;;;;;;;;
129636;;;Да;;;;;;;;;;;Да;
129637;;;Да;;;;;;;;;;;;
129638;;;Да;;;;;;;;;;;Да;
129639;;;Да;;;;;;;;;;;Да;
129640;;;Да;;;;;;;;;;;Да;
129641;;;Да;;;;;;;;;;;Да;
129642;;;Да;;;;;;;;;;;Да;
129643;;;Да;;;;;;;;;;;Да;
129644;;;Да;;;;;;;;;;;Да;
129645;;;Да;;;;;;;;;;;Да;
129646;;;Да;;;;;;;;;;;Да;
129647;;;Да;;;;;;;;;;;Да;
129648;;;Да;;;;;;;;;;;Да;
129649;;;Да;;;;;;;;;;;Да;
129650;;;Да;;;;;;;;;;;Да;
129651;;;Да;;;;;;;;;;;Да;
129652;;;Да;;;;;;;;;;;Да;
129653;;;Да;;;;;;;;;;;Да;
129654;;;Да;;;;;;;;;;;;
129655;;;Да;;;;;;;;;;;Да;
129656;;;Да;;;;;;;;;;;Да;
129657;;;Да;;;;;;;;;;;Да;
129658;;;Да;;;;;;;;;;;Да;
129659;;;Да;;;;;;;;;;;Да;
129660;;;Да;;;;;;;;;;;Да;
129661;;;Да;;;;;;;;;;;Да;
129662;;;Да;;;;;;;;;;;Да;
129663;;;Да;;;;;;;;;;;Да;
129664;;;Да;;;;;;;;;;;Да;
129665;;;Да;;;;;;;;;;;Да;
129666;;;Да;;;;;;;;;;;Да;
129667;;;Да;;;;;;;;;;;Да;
129668;;;Да;;;;;;;;;;;Да;
129669;;;Да;;;;;;;;;;;Да;
129670;;;Да;;;;;;;;;;;Да;
129671;;;Да;;;;;;;;;;;Да;
129672;;;Да;;;;;;;;;;;Да;
129673;;;Да;;;;;;;;;;;Да;
129674;;;Да;;;;;;;;;;;Да;
129675;;;Да;;;;;;;;;;;Да;
129676;;;Да;;;;;;;;;;;Да;
129677;;;Да;;;;;;;;;;;Да;
129678;;;Да;;;;;;;;;;;Да;
129679;;;Да;;;;;;;;;;;Да;
129680;;;Да;;;;;;;;;;;Да;
129681;;;Да;;;;;;;;;;;Да;
129682;;;Да;;;;;;;;;;;Да;
129683;;;Да;;;;;;;;;;;Да;
129684;;;Да;;;;;;;;;;;;
129685;;;Да;;;;;;;;;;;Да;
129686;;;Да;;;;;;;;;;;Да;
129687;;;Да;;;;;;;;;;;Да;
129688;;;Да;;;;;;;;;;;Да;
129689;;;Да;;;;;;;;;;;Да;
129690;;;Да;;;;;;;;;;;Да;
129692;;;Да;;;;;;;;;;;Да;
129693;;;Да;;;;;;;;;;;Да;
129694;;;Да;;;;;;;;;;;Да;
129695;;;Да;;;;;;;;;;;Да;
129696;;;Да;;;;;;;;;;;Да;
129697;;;Да;;;;;;;;;;;Да;
129698;;;Да;;;;;;;;;;;Да;
129699;;;Да;;;;;;;;;;;Да;
129700;;;Да;;;;;;;;;;;Да;
129701;;;Да;;;;;;;;;;;Да;
129702;;;Да;;;;;;;;;;;Да;
129703;;;Да;;;;;;;;;;;Да;
129704;;;Да;;;;;;;;;;;Да;
129705;;;Да;;;;;;;;;;;Да;
129706;;;Да;;;;;;;;;;;Да;
129707;;;Да;;;;;;;;;;;Да;
129708;;;Да;;;;;;;;;;;Да;
129709;;;Да;;;;;;;;;;;Да;
129710;;;Да;;;;;;;;;;;Да;
129711;;;Да;;;;;;;;;;;Да;
129712;;;Да;;;;;;;;;;;Да;
129713;;;Да;;;;;;;;;;;Да;
129714;;;Да;;;;;;;;;;;Да;
129715;;;Да;;;;;;;;;;;Да;
129716;;;Да;;;;;;;;;;;Да;
129717;;;Да;;;;;;;;;;;Да;
129718;;;Да;;;;;;;;;;;Да;
129719;;;Да;;;;;;;;;;;Да;
129720;;;Да;;;;;;;;;;;Да;
129721;;;Да;;;;;;;;;;;Да;
129722;;;Да;;;;;;;;;;;Да;
129723;;;Да;;;;;;;;;;;Да;
129724;;;Да;;;;;;;;;;;Да;
129725;;;Да;;;;;;;;;;;Да;
129726;;;Да;;;;;;;;;;;;
129727;;;Да;;;;;;;;;;;Да;
129728;;;Да;;;;;;;;;;;Да;
129729;;;Да;;;;;;;;;;;Да;
129730;;;Да;;;;;;;;;;;Да;
129731;;;Да;;;;;;;;;;;Да;
129732;;;Да;;;;;;;;;;;Да;
129733;;;Да;;;;;;;;;;;Да;
129734;;;Да;;;;;;;;;;;Да;
129735;;;Да;;;;;;;;;;;Да;
129736;;;Да;;;;;;;;;;;Да;
129737;;;Да;;;;;;;;;;;Да;
129738;;;Да;;;;;;;;;;;Да;
129739;;;Да;;;;;;;;;;;Да;
129740;;;Да;;;;;;;;;;;Да;
129741;;;Да;;;;;;;;;;;Да;
129742;;;Да;;;;;;;;;;;Да;
129743;;;Да;;;;;;;;;;;Да;
129744;;;Да;;;;;;;;;;;Да;
129745;;;Да;;;;;;;;;;;Да;
129746;;;Да;;;;;;;;;;;Да;
129747;;;Да;;;;;;;;;;;Да;
129748;;;Да;;;;;;;;;;;Да;
129749;;;Да;;;;;;;;;;;Да;
129750;;;Да;;;;;;;;;;;Да;
129751;;;Да;;;;;;;;;;;Да;Да
129752;;;Да;;;;;;;;;;;Да;
129753;;;Да;;;;;;;;;;;Да;
129754;;;Да;;;;;;;;;;;Да;
129755;;;Да;;;;;;;;;;;Да;
129756;;;Да;;;;;;;;;;;Да;
129757;;;Да;;;;;;;;;;;Да;
129758;;;Да;;;;;;;;;;;Да;
129759;;;Да;;;;;;;;;;;Да;
129760;;;Да;;;;;;;;;;;Да;
129761;;;Да;;;;;;;;;;;Да;
129762;;;Да;;;;;;;;;;;Да;
129763;;;Да;;;;;;;;;;;Да;
129764;;;Да;;;;;;;;;;;Да;
129765;;;Да;;;;;;;;;;;Да;
129766;;;Да;;;;;;;;;;;Да;
129767;;;Да;;;;;;;;;;;Да;
129768;;;Да;;;;;;;;;;;Да;Да
129769;;;Да;;;;;;;;;;;Да;
129770;;;Да;;;;;;;;;;;Да;
129771;;;Да;;;;;;;;;;;Да;
129772;;;Да;;;;;;;;;;;Да;
129773;;;Да;;;;;;;;;;;Да;
129774;;;Да;;;;;;;;;;;Да;
129775;;;Да;;;;;;;;;;;Да;
129776;;;Да;;;;;;;;;;;Да;
129777;;;Да;;;;;;;;;;;Да;
129778;;;Да;;;;;;;;;;;Да;
129779;;;Да;;;;;;;;;;;Да;
129780;;;Да;;;;;;;;;;;Да;
129781;;;Да;;;;;;;;;;;Да;
129782;;;Да;;;;;;;;;;;Да;
129783;;;Да;;;;;;;;;;;;
129784;;;Да;;;;;;;;;;;Да;
129785;;;Да;;;;;;;;;;;Да;
129786;;;Да;;;;;;;;;;;Да;
129787;;;Да;;;;;;;;;;;Да;
129788;;;Да;;;;;;;;;;;Да;
129789;;;Да;;;;;;;;;;;Да;
129790;;;Да;;;;;;;;;;;Да;
129791;;;Да;;;;;;;;;;;Да;
129792;;;Да;;;;;;;;;;;Да;
129793;;;Да;;;;;;;;;;;Да;
129794;;;Да;;;;;;;;;;;Да;
