'Приложение № 2.1.'||||||||||||||||||||||||||||||||||||||||||||||||||||
|||'Фактическое потребление тепловой энергии для нужд отопления'|||||||'центральная'|'80 мм х 2'|'среднее за'|'120-70'|'да/нет'|'да/нет'|'да/нет'|'да/нет'|'элеватор'|'да/нет'|||||||||||||||||||||||||||||||||
|||'в многоквартирных домах (МКД)'|||||||'местная'||'отопительный'||||||'безэлеватор'||||||||||||||||||||||||||||||||||
|||||||||||'или др'|'период'|'или др'|||||||||||||||||||||||||||||||||||||||
'№ п/п'||'Уникаль ный код дома'|'Поставщик ресурсов'|'Тип подключения дома (ЦТП, ИТП)'|'Вид схемы теплоснабжения (закрытая, открытая)'|'Потребитель ресурса (с кем у РСО заключен договор)'|'Вид ресурса (тепловая энергия для нужд отопления)'|'Ед. изм.'|'Кол-во приборов учета тепловой энергии'|'тип системы ГВС'|'диаметр ввода'|'давление на вводе'|'температурный график тепловой сети'|'наличие ГВС'|'необходимость резерва ГВС'|'наличие систем учета ГВС'|'необходимость диспетчеризации'|'схема присоеденения к тепловой сети'|'резервирование насосов ГВС'|'примеча ние'|'                                          Суммарное фактическое потребление МКД по всем вводам'|||||||||||||||||||||||||||'Договор ная нагрузка'|'Норматив ный температур ный график**'|'Схема присоединения системы отопления (зависимая/ независимая)'|'Количество элеваторных узлов (при их наличии)'|'Наличие транзита на отопление (разгружен/ не разгружен)'
|||||||||||||||||||||'2011 год'|'2012 год '|'2013 год'|||||||||||||||||||||||||||||
|||||||||||||||||||||||'январь'||'февраль'||'март'||'апрель'||'май'||'июнь'||'июль'||'август'||'сентябрь'||'октябрь'||'ноябрь'||'декабрь'||'Итого'|||||
|||||||||||'диаметр ввода'|'давление на вводе'|'температурный график тепловой сети'|'наличие ГВС (да/нет)'|'необходимость резерва ГВС'|'наличие систем учета'|'необходимость диспетчеризации'|'схема присоеденения к тепловой сети'|'резервирование насосов ГВС'|'примечание'||||||||||||||||||||||||||||||||
|||||||||||||||||||||'Сумм. объем'|'Сумм. объем'|'объем ТЭР'|'МР*'|'объем ТЭР'|'МР*'|'объем ТЭР'|'МР*'|'объем ТЭР'|'МР*'|'объем ТЭР'|'МР*'|'объем ТЭР'|'МР*'|'объем ТЭР'|'МР*'|'объем ТЭР'|'МР*'|'объем ТЭР'|'МР*'|'объем ТЭР'|'МР*'|'объем ТЭР'|'МР*'|'объем ТЭР'|'МР*'|'Суммарный объем'|||||
1||2|3|4|5|6|7|8|9|10|11|12|13|14|15|16|17|18|19|20|21|22|23|24|25|26|27|28|29|30|31|32|33|34|35|36|37|38|39|40|41|42|43|44|45|46|47|48|49|50|51|52
1|'Аммермана ул'|'д. 17'|'"ГУП ""ТЭК СПб"""'||||'Отопление'|'Гкал'||||||||||||||455,66||||||||||||||||||||||||||||||
2|'Аммермана ул'|'д. 2'|'"ГУП ""ТЭК СПб"""'||||'Отопление'|'Гкал'||||||||||||||705,11||||||||||||||||||||||||||||||
3|'Аммермана ул'|'д. 22, лит. А'|'"ГУП ""ТЭК СПб"""'||||'Отопление'|'Гкал'||||||||||||||146,41||||||||||||||||||||||||||||||
4|'Аммермана ул'|'д. 25'|'"ГУП ""ТЭК СПб"""'||||'Отопление'|'Гкал'||||||||||||||177,84||||||||||||||||||||||||||||||
5|'Аммермана ул'|'д. 26'|'"ГУП ""ТЭК СПб"""'||||'Отопление'|'Гкал'||||||||||||||137,13||||||||||||||||||||||||||||||
6|'Аммермана ул'|'д. 27'|'"ГУП ""ТЭК СПб"""'||||'Отопление'|'Гкал'||||||||||||||308,82||||||||||||||||||||||||||||||
7|'Аммермана ул'|'д. 28'|'"ГУП ""ТЭК СПб"""'||||'Отопление'|'Гкал'||||||||||||||230,48||||||||||||||||||||||||||||||
8|'Аммермана ул'|'д. 29'|'"ГУП ""ТЭК СПб"""'||||'Отопление'|'Гкал'||||||||||||||284,11||||||||||||||||||||||||||||||
9|'Аммермана ул'|'д. 30'|'"ГУП ""ТЭК СПб"""'||||'Отопление'|'Гкал'||||||||||||||148,62||||||||||||||||||||||||||||||
10|'Аммермана ул'|'д. 31а'|'"ГУП ""ТЭК СПб"""'||||'Отопление'|'Гкал'||||||||||||||304,46||||||||||||||||||||||||||||||
11|'Аммермана ул'|'д. 31б'|'"ГУП ""ТЭК СПб"""'||||'Отопление'|'Гкал'||||||||||||||207,21||||||||||||||||||||||||||||||
12|'Аммермана ул'|'д. 36'|'"ГУП ""ТЭК СПб"""'||||'Отопление'|'Гкал'||||||||||||||243,88||||||||||||||||||||||||||||||
13|'Аммермана ул'|'д. 4'|'"ГУП ""ТЭК СПб"""'||||'Отопление'|'Гкал'||||||||||||||495,26||||||||||||||||||||||||||||||
14|'Аммермана ул'|'д. 44'|'"ГУП ""ТЭК СПб"""'||||'Отопление'|'Гкал'||||||||||||||480,44||||||||||||||||||||||||||||||
15|'Андреевская ул'|'д. 12'|'"ГУП ""ТЭК СПб"""'||||'Отопление'|'Гкал'||||||||||||||324,94||||||||||||||||||||||||||||||
16|'Андреевская ул'|'д. 14, лит. А'|'"ГУП ""ТЭК СПб"""'||||'Отопление'|'Гкал'||||||||||||||523,94||||||||||||||||||||||||||||||
17|'Андреевская ул'|'д. 9'|'"ГУП ""ТЭК СПб"""'||||'Отопление'|'Гкал'||||||||||||||2764,81||||||||||||||||||||||||||||||
18|'Большевистская ул'|'д. 6-8'|'"ГУП ""ТЭК СПб"""'||||'Отопление'|'Гкал'||||||||||||||378,76||||||||||||||||||||||||||||||
19|'Велещинского ул'|'д. 12'|'"ГУП ""ТЭК СПб"""'||||'Отопление'|'Гкал'||||||||||||||266,93||||||||||||||||||||||||||||||
20|'Велещинского ул'|'д. 14'|'"ГУП ""ТЭК СПб"""'||||'Отопление'|'Гкал'||||||||||||||289,43||||||||||||||||||||||||||||||
21|'Велещинского ул'|'д. 15, лит. А'|'"ГУП ""ТЭК СПб"""'||||'Отопление'|'Гкал'||||||||||||||776,12||||||||||||||||||||||||||||||
22|'Велещинского ул'|'д. 19/40'|'"ГУП ""ТЭК СПб"""'||||'Отопление'|'Гкал'||||||||||||||180,14||||||||||||||||||||||||||||||
23|'Велещинского ул'|'д. 7/14'|'"ГУП ""ТЭК СПб"""'||||'Отопление'|'Гкал'||||||||||||||488,23||||||||||||||||||||||||||||||
24|'Велещинского ул'|'д. 8'|'"ГУП ""ТЭК СПб"""'||||'Отопление'|'Гкал'||||||||||||||247,53||||||||||||||||||||||||||||||
25|'Велещинского ул'|'д. 9/13, лит. А'|'"ГУП ""ТЭК СПб"""'||||'Отопление'|'Гкал'||||||||||||||411,91||||||||||||||||||||||||||||||
26|'Владимирская ул'|'д. 17/5'|'"ГУП ""ТЭК СПб"""'||||'Отопление'|'Гкал'||||||||||||||116,7||||||||||||||||||||||||||||||
27|'Владимирская ул'|'д. 19'|'"ГУП ""ТЭК СПб"""'||||'Отопление'|'Гкал'||||||||||||||130,63||||||||||||||||||||||||||||||
28|'Владимирская ул'|'д. 25'|'"ГУП ""ТЭК СПб"""'||||'Отопление'|'Гкал'||||||||||||||766,93||||||||||||||||||||||||||||||
29|'Владимирская ул'|'д. 27'|'"ГУП ""ТЭК СПб"""'||||'Отопление'|'Гкал'||||||||||||||212,68||||||||||||||||||||||||||||||
30|'Владимирская ул'|'д. 32'|'"ГУП ""ТЭК СПб"""'||||'Отопление'|'Гкал'||||||||||||||144,74||||||||||||||||||||||||||||||
31|'Владимирская ул'|'д. 47'|'"ГУП ""ТЭК СПб"""'||||'Отопление'|'Гкал'||||||||||||||398,51||||||||||||||||||||||||||||||
32|'Владимирская ул'|'д. 49'|'"ГУП ""ТЭК СПб"""'||||'Отопление'|'Гкал'||||||||||||||161,08||||||||||||||||||||||||||||||
33|'Восстания ул'|'д. 16'|'"ГУП ""ТЭК СПб"""'||||'Отопление'|'Гкал'||||||||||||||326,19||||||||||||||||||||||||||||||
34|'Восстания ул'|'д. 18'|'"ГУП ""ТЭК СПб"""'||||'Отопление'|'Гкал'||||||||||||||68,05||||||||||||||||||||||||||||||
35|'Восстания ул'|'д. 20'|'"ГУП ""ТЭК СПб"""'||||'Отопление'|'Гкал'||||||||||||||68,19||||||||||||||||||||||||||||||
36|'Восстания ул'|'д. 22'|'"ГУП ""ТЭК СПб"""'||||'Отопление'|'Гкал'||||||||||||||340,14||||||||||||||||||||||||||||||
37|'Восстания ул'|'д. 26'|'"ГУП ""ТЭК СПб"""'||||'Отопление'|'Гкал'||||||||||||||745,72||||||||||||||||||||||||||||||
38|'Восстания ул'|'д. 5, лит. А'|'"ГУП ""ТЭК СПб"""'||||'Отопление'|'Гкал'||||||||||||||1039,82||||||||||||||||||||||||||||||
39|'Восстания ул'|'д. 58'|'"ГУП ""ТЭК СПб"""'||||'Отопление'|'Гкал'||||||||||||||686,42||||||||||||||||||||||||||||||
40|'Восстания ул'|'д. 64'|'"ГУП ""ТЭК СПб"""'||||'Отопление'|'Гкал'||||||||||||||421,12||||||||||||||||||||||||||||||
41|'Восстания ул'|'д. 72, лит. А'|'"ГУП ""ТЭК СПб"""'||||'Отопление'|'Гкал'||||||||||||||548,39||||||||||||||||||||||||||||||
42|'Всеволода Вишневского ул'|'д. 13, лит. А'|'"ГУП ""ТЭК СПб"""'||||'Отопление'|'Гкал'||||||||||||||362,89||||||||||||||||||||||||||||||
43|'Всеволода Вишневского ул'|'д. 18'|'"ГУП ""ТЭК СПб"""'||||'Отопление'|'Гкал'||||||||||||||278,63||||||||||||||||||||||||||||||
44|'Всеволода Вишневского ул'|'д. 5, лит. А'|'"ГУП ""ТЭК СПб"""'||||'Отопление'|'Гкал'||||||||||||||371,48||||||||||||||||||||||||||||||
45|'Всеволода Вишневского ул'|'д. 7/20, лит. А'|'"ГУП ""ТЭК СПб"""'||||'Отопление'|'Гкал'||||||||||||||375,68||||||||||||||||||||||||||||||
46|'Гидростроителей ул'|'д. 10'|'"ГУП ""ТЭК СПб"""'||||'Отопление'|'Гкал'||||||||||||||2610,52||||||||||||||||||||||||||||||
47|'Гидростроителей ул'|'д. 4'|'"ГУП ""ТЭК СПб"""'||||'Отопление'|'Гкал'||||||||||||||574,11||||||||||||||||||||||||||||||
48|'Гидростроителей ул'|'д. 6'|'"ГУП ""ТЭК СПб"""'||||'Отопление'|'Гкал'||||||||||||||1805,79||||||||||||||||||||||||||||||
49|'Гражданская ул'|'д. 11'|'"ГУП ""ТЭК СПб"""'||||'Отопление'|'Гкал'||||||||||||||217,11||||||||||||||||||||||||||||||
50|'Гражданская ул'|'д. 21'|'"ГУП ""ТЭК СПб"""'||||'Отопление'|'Гкал'||||||||||||||471,38||||||||||||||||||||||||||||||
51|'Гражданская ул'|'д. 23'|'"ГУП ""ТЭК СПб"""'||||'Отопление'|'Гкал'||||||||||||||224,12||||||||||||||||||||||||||||||
52|'Гражданская ул'|'д. 25'|'"ГУП ""ТЭК СПб"""'||||'Отопление'|'Гкал'||||||||||||||136,29||||||||||||||||||||||||||||||
53|'Гражданская ул'|'д. 7'|'"ГУП ""ТЭК СПб"""'||||'Отопление'|'Гкал'||||||||||||||266,51||||||||||||||||||||||||||||||
54|'Гражданская ул'|'д. 9'|'"ГУП ""ТЭК СПб"""'||||'Отопление'|'Гкал'||||||||||||||247,98||||||||||||||||||||||||||||||
55|'Гусева ул'|'д. 1'|'"ГУП ""ТЭК СПб"""'||||'Отопление'|'Гкал'||||||||||||||147,63||||||||||||||||||||||||||||||
56|'Гусева ул'|'д. 11, лит. Б'|'"ГУП ""ТЭК СПб"""'||||'Отопление'|'Гкал'||||||||||||||329,65||||||||||||||||||||||||||||||
57|'Гусева ул'|'д. 3'|'"ГУП ""ТЭК СПб"""'||||'Отопление'|'Гкал'||||||||||||||298,45||||||||||||||||||||||||||||||
58|'Гусева ул'|'д. 4'|'"ГУП ""ТЭК СПб"""'||||'Отопление'|'Гкал'||||||||||||||159,58||||||||||||||||||||||||||||||
59|'Гусева ул'|'д. 5'|'"ГУП ""ТЭК СПб"""'||||'Отопление'|'Гкал'||||||||||||||506,11||||||||||||||||||||||||||||||
60|'Гусева ул'|'д. 6'|'"ГУП ""ТЭК СПб"""'||||'Отопление'|'Гкал'||||||||||||||300,16||||||||||||||||||||||||||||||
61|'Гусева ул'|'д. 9/4'|'"ГУП ""ТЭК СПб"""'||||'Отопление'|'Гкал'||||||||||||||283,02||||||||||||||||||||||||||||||
62|'Зосимова ул'|'д. 11, лит. А'|'"ГУП ""ТЭК СПб"""'||||'Отопление'|'Гкал'||||||||||||||435,07||||||||||||||||||||||||||||||
63|'Зосимова ул'|'д. 18/15'|'"ГУП ""ТЭК СПб"""'||||'Отопление'|'Гкал'||||||||||||||492,25||||||||||||||||||||||||||||||
64|'Зосимова ул'|'д. 2'|'"ГУП ""ТЭК СПб"""'||||'Отопление'|'Гкал'||||||||||||||1567,81||||||||||||||||||||||||||||||
65|'Зосимова ул'|'д. 28/30'|'"ГУП ""ТЭК СПб"""'||||'Отопление'|'Гкал'||||||||||||||134,09||||||||||||||||||||||||||||||
66|'Зосимова ул'|'д. 34'|'"ГУП ""ТЭК СПб"""'||||'Отопление'|'Гкал'||||||||||||||661,29||||||||||||||||||||||||||||||
67|'Зосимова ул'|'д. 4'|'"ГУП ""ТЭК СПб"""'||||'Отопление'|'Гкал'||||||||||||||2025,38||||||||||||||||||||||||||||||
68|'Зосимова ул'|'д. 42/23, лит. А'|'"ГУП ""ТЭК СПб"""'||||'Отопление'|'Гкал'||||||||||||||1194,23||||||||||||||||||||||||||||||
69|'Зосимова ул'|'д. 5, лит. А'|'"ГУП ""ТЭК СПб"""'||||'Отопление'|'Гкал'||||||||||||||183,05||||||||||||||||||||||||||||||
70|'Зосимова ул'|'д. 6/40, лит. А'|'"ГУП ""ТЭК СПб"""'||||'Отопление'|'Гкал'||||||||||||||973,78||||||||||||||||||||||||||||||
71|'Зосимова ул'|'д. 7, лит. А'|'"ГУП ""ТЭК СПб"""'||||'Отопление'|'Гкал'||||||||||||||203,45||||||||||||||||||||||||||||||
72|'Зосимова ул'|'д. 9, лит. А'|'"ГУП ""ТЭК СПб"""'||||'Отопление'|'Гкал'||||||||||||||1122,89||||||||||||||||||||||||||||||
73|'Интернациональная ул'|'д. 6, лит. А'|'"ГУП ""ТЭК СПб"""'||||'Отопление'|'Гкал'||||||||||||||245,55||||||||||||||||||||||||||||||
74|'Интернациональная ул'|'д. 7/22'|'"ГУП ""ТЭК СПб"""'||||'Отопление'|'Гкал'||||||||||||||218,19||||||||||||||||||||||||||||||
75|'Карла Либкнехта ул'|'д. 15а'|'"ГУП ""ТЭК СПб"""'||||'Отопление'|'Гкал'||||||||||||||545,65||||||||||||||||||||||||||||||
76|'Карла Либкнехта ул'|'д. 15б, лит. А'|'"ГУП ""ТЭК СПб"""'||||'Отопление'|'Гкал'||||||||||||||432,1||||||||||||||||||||||||||||||
77|'Карла Либкнехта ул'|'д. 17, лит. А'|'"ГУП ""ТЭК СПб"""'||||'Отопление'|'Гкал'||||||||||||||826,49||||||||||||||||||||||||||||||
78|'Карла Либкнехта ул'|'д. 24, лит. А'|'"ГУП ""ТЭК СПб"""'||||'Отопление'|'Гкал'||||||||||||||480,68||||||||||||||||||||||||||||||
79|'Карла Либкнехта ул'|'д. 25'|'"ГУП ""ТЭК СПб"""'||||'Отопление'|'Гкал'||||||||||||||279,32||||||||||||||||||||||||||||||
80|'Карла Либкнехта ул'|'д. 27, лит. А'|'"ГУП ""ТЭК СПб"""'||||'Отопление'|'Гкал'||||||||||||||296,75||||||||||||||||||||||||||||||
81|'Карла Либкнехта ул'|'д. 29, лит. А'|'"ГУП ""ТЭК СПб"""'||||'Отопление'|'Гкал'||||||||||||||211,85||||||||||||||||||||||||||||||
82|'Карла Либкнехта ул'|'д. 30'|'"ГУП ""ТЭК СПб"""'||||'Отопление'|'Гкал'||||||||||||||516,82||||||||||||||||||||||||||||||
83|'Карла Маркса ул'|'д. 12'|'"ГУП ""ТЭК СПб"""'||||'Отопление'|'Гкал'||||||||||||||775,41||||||||||||||||||||||||||||||
84|'Карла Маркса ул'|'д. 13, лит. А'|'"ГУП ""ТЭК СПб"""'||||'Отопление'|'Гкал'||||||||||||||268,01||||||||||||||||||||||||||||||
85|'Карла Маркса ул'|'д. 17'|'"ГУП ""ТЭК СПб"""'||||'Отопление'|'Гкал'||||||||||||||399,98||||||||||||||||||||||||||||||
86|'Карла Маркса ул'|'д. 21'|'"ГУП ""ТЭК СПб"""'||||'Отопление'|'Гкал'||||||||||||||233,06||||||||||||||||||||||||||||||
87|'Карла Маркса ул'|'д. 25'|'"ГУП ""ТЭК СПб"""'||||'Отопление'|'Гкал'||||||||||||||222,03||||||||||||||||||||||||||||||
88|'Коммунистическая ул'|'д. 3, лит. А'|'"ГУП ""ТЭК СПб"""'||||'Отопление'|'Гкал'||||||||||||||231,98||||||||||||||||||||||||||||||
89|'Коммунистическая ул'|'д. 4/18, лит. А'|'"ГУП ""ТЭК СПб"""'||||'Отопление'|'Гкал'||||||||||||||568,69||||||||||||||||||||||||||||||
90|'Коммунистическая ул'|'д. 6/21, лит. А'|'"ГУП ""ТЭК СПб"""'||||'Отопление'|'Гкал'||||||||||||||834,06||||||||||||||||||||||||||||||
91|'Комсомола ул'|'д. 1/16'|'"ГУП ""ТЭК СПб"""'||||'Отопление'|'Гкал'||||||||||||||483,98||||||||||||||||||||||||||||||
92|'Комсомола ул'|'д. 15'|'"ГУП ""ТЭК СПб"""'||||'Отопление'|'Гкал'||||||||||||||137,94||||||||||||||||||||||||||||||
93|'Комсомола ул'|'д. 17'|'"ГУП ""ТЭК СПб"""'||||'Отопление'|'Гкал'||||||||||||||138,06||||||||||||||||||||||||||||||
94|'Комсомола ул'|'д. 3/2'|'"ГУП ""ТЭК СПб"""'||||'Отопление'|'Гкал'||||||||||||||615,18||||||||||||||||||||||||||||||
95|'Красная ул'|'д. 11, лит. А'|'"ГУП ""ТЭК СПб"""'||||'Отопление'|'Гкал'||||||||||||||396,57||||||||||||||||||||||||||||||
96|'Красная ул'|'д. 13'|'"ГУП ""ТЭК СПб"""'||||'Отопление'|'Гкал'||||||||||||||151,16||||||||||||||||||||||||||||||
97|'Красная ул'|'д. 15'|'"ГУП ""ТЭК СПб"""'||||'Отопление'|'Гкал'||||||||||||||327||||||||||||||||||||||||||||||
98|'Красная ул'|'д. 2, лит. А'|'"ГУП ""ТЭК СПб"""'||||'Отопление'|'Гкал'||||||||||||||407,2||||||||||||||||||||||||||||||
99|'Красная ул'|'д. 5, лит. В'|'"ГУП ""ТЭК СПб"""'||||'Отопление'|'Гкал'||||||||||||||124,63||||||||||||||||||||||||||||||
100|'Красная ул'|'д. 8, корп. 2, лит. А'|'"ГУП ""ТЭК СПб"""'||||'Отопление'|'Гкал'||||||||||||||251,4||||||||||||||||||||||||||||||
101|'Красная ул'|'д. 8, корп. 3, лит. А'|'"ГУП ""ТЭК СПб"""'||||'Отопление'|'Гкал'||||||||||||||185,57||||||||||||||||||||||||||||||
102|'Красная ул'|'д. 9, лит. Д'|'"ГУП ""ТЭК СПб"""'||||'Отопление'|'Гкал'||||||||||||||109,4||||||||||||||||||||||||||||||
103|'Кронштадтская ул'|'д. 1/66, лит. А'|'"ГУП ""ТЭК СПб"""'||||'Отопление'|'Гкал'||||||||||||||210,5||||||||||||||||||||||||||||||
104|'Кронштадтская ул'|'д. 17'|'"ГУП ""ТЭК СПб"""'||||'Отопление'|'Гкал'||||||||||||||259,09||||||||||||||||||||||||||||||
105|'Кронштадтская ул'|'д. 3, лит. А'|'"ГУП ""ТЭК СПб"""'||||'Отопление'|'Гкал'||||||||||||||459||||||||||||||||||||||||||||||
106|'Кронштадтское ш'|'д. 10, корп. 1'|'"ГУП ""ТЭК СПб"""'||||'Отопление'|'Гкал'||||||||||||||643,97||||||||||||||||||||||||||||||
107|'Кронштадтское ш'|'д. 10, корп. 2'|'"ГУП ""ТЭК СПб"""'||||'Отопление'|'Гкал'||||||||||||||645,48||||||||||||||||||||||||||||||
108|'Кронштадтское ш'|'д. 10, корп. 3'|'"ГУП ""ТЭК СПб"""'||||'Отопление'|'Гкал'||||||||||||||683,83||||||||||||||||||||||||||||||
109|'Кронштадтское ш'|'д. 12'|'"ГУП ""ТЭК СПб"""'||||'Отопление'|'Гкал'||||||||||||||428,55||||||||||||||||||||||||||||||
110|'Кронштадтское ш'|'д. 28, лит. А'|'"ГУП ""ТЭК СПб"""'||||'Отопление'|'Гкал'||||||||||||||644,14||||||||||||||||||||||||||||||
111|'Кронштадтское ш'|'д. 34'|'"ГУП ""ТЭК СПб"""'||||'Отопление'|'Гкал'||||||||||||||1319,38||||||||||||||||||||||||||||||
112|'Кронштадтское ш'|'д. 36'|'"ГУП ""ТЭК СПб"""'||||'Отопление'|'Гкал'||||||||||||||1913,28||||||||||||||||||||||||||||||
113|'Кронштадтское ш'|'д. 38'|'"ГУП ""ТЭК СПб"""'||||'Отопление'|'Гкал'||||||||||||||1747,57||||||||||||||||||||||||||||||
114|'Кронштадтское ш'|'д. 6, корп. 1, лит. А'|'"ГУП ""ТЭК СПб"""'||||'Отопление'|'Гкал'||||||||||||||643,4||||||||||||||||||||||||||||||
115|'Кронштадтское ш'|'д. 6, корп. 2'|'"ГУП ""ТЭК СПб"""'||||'Отопление'|'Гкал'||||||||||||||661,92||||||||||||||||||||||||||||||
116|'Кронштадтское ш'|'д. 8'|'"ГУП ""ТЭК СПб"""'||||'Отопление'|'Гкал'||||||||||||||702,82||||||||||||||||||||||||||||||
117|'Лебедева ул'|'д. 3, лит. А'|'"ГУП ""ТЭК СПб"""'||||'Отопление'|'Гкал'||||||||||||||382,71||||||||||||||||||||||||||||||
118|'Лебедева ул'|'д. 5'|'"ГУП ""ТЭК СПб"""'||||'Отопление'|'Гкал'||||||||||||||376,87||||||||||||||||||||||||||||||
119|'Ленина пр-кт'|'д. 1'|'"ГУП ""ТЭК СПб"""'||||'Отопление'|'Гкал'||||||||||||||735,86||||||||||||||||||||||||||||||
120|'Ленина пр-кт'|'д. 16, лит. А'|'"ГУП ""ТЭК СПб"""'||||'Отопление'|'Гкал'||||||||||||||875,97||||||||||||||||||||||||||||||
121|'Ленина пр-кт'|'д. 21/2'|'"ГУП ""ТЭК СПб"""'||||'Отопление'|'Гкал'||||||||||||||369,85||||||||||||||||||||||||||||||
122|'Ленина пр-кт'|'д. 22'|'"ГУП ""ТЭК СПб"""'||||'Отопление'|'Гкал'||||||||||||||279,81||||||||||||||||||||||||||||||
123|'Ленина пр-кт'|'д. 24'|'"ГУП ""ТЭК СПб"""'||||'Отопление'|'Гкал'||||||||||||||361,48||||||||||||||||||||||||||||||
124|'Ленина пр-кт'|'д. 25/2, лит. А'|'"ГУП ""ТЭК СПб"""'||||'Отопление'|'Гкал'||||||||||||||566,75||||||||||||||||||||||||||||||
125|'Ленина пр-кт'|'д. 26'|'"ГУП ""ТЭК СПб"""'||||'Отопление'|'Гкал'||||||||||||||763,78||||||||||||||||||||||||||||||
126|'Ленина пр-кт'|'д. 28'|'"ГУП ""ТЭК СПб"""'||||'Отопление'|'Гкал'||||||||||||||241,97||||||||||||||||||||||||||||||
127|'Ленина пр-кт'|'д. 29, лит. А'|'"ГУП ""ТЭК СПб"""'||||'Отопление'|'Гкал'||||||||||||||316,12||||||||||||||||||||||||||||||
128|'Ленина пр-кт'|'д. 30'|'"ГУП ""ТЭК СПб"""'||||'Отопление'|'Гкал'||||||||||||||581,47||||||||||||||||||||||||||||||
129|'Ленина пр-кт'|'д. 31, лит. А'|'"ГУП ""ТЭК СПб"""'||||'Отопление'|'Гкал'||||||||||||||342,01||||||||||||||||||||||||||||||
130|'Ленина пр-кт'|'д. 32'|'"ГУП ""ТЭК СПб"""'||||'Отопление'|'Гкал'||||||||||||||543,12||||||||||||||||||||||||||||||
131|'Ленина пр-кт'|'д. 33'|'"ГУП ""ТЭК СПб"""'||||'Отопление'|'Гкал'||||||||||||||200,47||||||||||||||||||||||||||||||
132|'Ленина пр-кт'|'д. 35'|'"ГУП ""ТЭК СПб"""'||||'Отопление'|'Гкал'||||||||||||||268,18||||||||||||||||||||||||||||||
133|'Ленина пр-кт'|'д. 38, лит. А'|'"ГУП ""ТЭК СПб"""'||||'Отопление'|'Гкал'||||||||||||||225,9||||||||||||||||||||||||||||||
134|'Ленина пр-кт'|'д. 39, лит. Б'|'"ГУП ""ТЭК СПб"""'||||'Отопление'|'Гкал'||||||||||||||197,31||||||||||||||||||||||||||||||
135|'Ленина пр-кт'|'д. 40, лит. А'|'"ГУП ""ТЭК СПб"""'||||'Отопление'|'Гкал'||||||||||||||203,25||||||||||||||||||||||||||||||
136|'Ленина пр-кт'|'д. 45'|'"ГУП ""ТЭК СПб"""'||||'Отопление'|'Гкал'||||||||||||||527,58||||||||||||||||||||||||||||||
137|'Ленина пр-кт'|'д. 47'|'"ГУП ""ТЭК СПб"""'||||'Отопление'|'Гкал'||||||||||||||200,37||||||||||||||||||||||||||||||
138|'Ленина пр-кт'|'д. 49'|'"ГУП ""ТЭК СПб"""'||||'Отопление'|'Гкал'||||||||||||||508,36||||||||||||||||||||||||||||||
139|'Ленина пр-кт'|'д. 5, лит. А'|'"ГУП ""ТЭК СПб"""'||||'Отопление'|'Гкал'||||||||||||||389,08||||||||||||||||||||||||||||||
140|'Ленина пр-кт'|'д. 5, лит. Б'|'"ГУП ""ТЭК СПб"""'||||'Отопление'|'Гкал'||||||||||||||310,21||||||||||||||||||||||||||||||
141|'Ленина пр-кт'|'д. 5, лит. В'|'"ГУП ""ТЭК СПб"""'||||'Отопление'|'Гкал'||||||||||||||412,4||||||||||||||||||||||||||||||
142|'Ленина пр-кт'|'д. 51'|'"ГУП ""ТЭК СПб"""'||||'Отопление'|'Гкал'||||||||||||||384,09||||||||||||||||||||||||||||||
143|'Ленина пр-кт'|'д. 53'|'"ГУП ""ТЭК СПб"""'||||'Отопление'|'Гкал'||||||||||||||345,47||||||||||||||||||||||||||||||
144|'Ленинградская ул'|'д. 11/41, лит. А'|'"ГУП ""ТЭК СПб"""'||||'Отопление'|'Гкал'||||||||||||||405,34||||||||||||||||||||||||||||||
145|'Ленинградская ул'|'д. 12'|'"ГУП ""ТЭК СПб"""'||||'Отопление'|'Гкал'||||||||||||||328,57||||||||||||||||||||||||||||||
146|'Ленинградская ул'|'д. 14, лит. А'|'"ГУП ""ТЭК СПб"""'||||'Отопление'|'Гкал'||||||||||||||302,98||||||||||||||||||||||||||||||
147|'Ленинградская ул'|'д. 3, лит. А'|'"ГУП ""ТЭК СПб"""'||||'Отопление'|'Гкал'||||||||||||||463,56||||||||||||||||||||||||||||||
148|'Ленинградская ул'|'д. 6'|'"ГУП ""ТЭК СПб"""'||||'Отопление'|'Гкал'||||||||||||||147,08||||||||||||||||||||||||||||||
149|'Ленинградская ул'|'д. 8'|'"ГУП ""ТЭК СПб"""'||||'Отопление'|'Гкал'||||||||||||||237,58||||||||||||||||||||||||||||||
150|'Ленинградская ул'|'д. 9, лит. А'|'"ГУП ""ТЭК СПб"""'||||'Отопление'|'Гкал'||||||||||||||115,25||||||||||||||||||||||||||||||
151|'Литке ул'|'д. 11/37'|'"ГУП ""ТЭК СПб"""'||||'Отопление'|'Гкал'||||||||||||||2274,01||||||||||||||||||||||||||||||
152|'Литке ул'|'д. 7/32'|'"ГУП ""ТЭК СПб"""'||||'Отопление'|'Гкал'||||||||||||||1519,4||||||||||||||||||||||||||||||
153|'Манежный пер'|'д. 2'|'"ГУП ""ТЭК СПб"""'||||'Отопление'|'Гкал'||||||||||||||793,48||||||||||||||||||||||||||||||
154|'Мануильского ул'|'д. 2'|'"ГУП ""ТЭК СПб"""'||||'Отопление'|'Гкал'||||||||||||||664,36||||||||||||||||||||||||||||||
155|'Мануильского ул'|'д. 25'|'"ГУП ""ТЭК СПб"""'||||'Отопление'|'Гкал'||||||||||||||320,55||||||||||||||||||||||||||||||
156|'Мануильского ул'|'д. 2а'|'"ГУП ""ТЭК СПб"""'||||'Отопление'|'Гкал'||||||||||||||114,56||||||||||||||||||||||||||||||
157|'Мануильского ул'|'д. 3'|'"ГУП ""ТЭК СПб"""'||||'Отопление'|'Гкал'||||||||||||||374||||||||||||||||||||||||||||||
158|'Мануильского ул'|'д. 37'|'"ГУП ""ТЭК СПб"""'||||'Отопление'|'Гкал'||||||||||||||646,65||||||||||||||||||||||||||||||
159|'Мануильского ул'|'д. 39'|'"ГУП ""ТЭК СПб"""'||||'Отопление'|'Гкал'||||||||||||||151,5||||||||||||||||||||||||||||||
160|'Мануильского ул'|'д. 41, лит. А'|'"ГУП ""ТЭК СПб"""'||||'Отопление'|'Гкал'||||||||||||||1068,45||||||||||||||||||||||||||||||
161|'Мануильского ул'|'д. 5'|'"ГУП ""ТЭК СПб"""'||||'Отопление'|'Гкал'||||||||||||||533,11||||||||||||||||||||||||||||||
162|'Мануильского ул'|'д. 7, лит. А'|'"ГУП ""ТЭК СПб"""'||||'Отопление'|'Гкал'||||||||||||||350,39||||||||||||||||||||||||||||||
163|'Мануильского ул'|'д. 9, лит. А'|'"ГУП ""ТЭК СПб"""'||||'Отопление'|'Гкал'||||||||||||||467,42||||||||||||||||||||||||||||||
164|'Мартынова ул'|'д. 1/33, лит. А'|'"ГУП ""ТЭК СПб"""'||||'Отопление'|'Гкал'||||||||||||||234,79||||||||||||||||||||||||||||||
165|'Мартынова ул'|'д. 9'|'"ГУП ""ТЭК СПб"""'||||'Отопление'|'Гкал'||||||||||||||460,49||||||||||||||||||||||||||||||
166|'Никольский пер'|'д. 1/58'|'"ГУП ""ТЭК СПб"""'||||'Отопление'|'Гкал'||||||||||||||472,81||||||||||||||||||||||||||||||
167|'Никольский пер'|'д. 2/56'|'"ГУП ""ТЭК СПб"""'||||'Отопление'|'Гкал'||||||||||||||98,83||||||||||||||||||||||||||||||
168|'Петровская ул'|'д. 10, корп. 1'|'"ГУП ""ТЭК СПб"""'||||'Отопление'|'Гкал'||||||||||||||545||||||||||||||||||||||||||||||
169|'Петровская ул'|'д. 10, корп. 2'|'"ГУП ""ТЭК СПб"""'||||'Отопление'|'Гкал'||||||||||||||241,34||||||||||||||||||||||||||||||
170|'Петровская ул'|'д. 10, корп. 3'|'"ГУП ""ТЭК СПб"""'||||'Отопление'|'Гкал'||||||||||||||268,03||||||||||||||||||||||||||||||
171|'Петровская ул'|'д. 12, лит. А'|'"ГУП ""ТЭК СПб"""'||||'Отопление'|'Гкал'||||||||||||||372,22||||||||||||||||||||||||||||||
172|'Петровская ул'|'д. 12/4'|'"ГУП ""ТЭК СПб"""'||||'Отопление'|'Гкал'||||||||||||||686,1||||||||||||||||||||||||||||||
173|'Петровская ул'|'д. 15, лит. А'|'"ГУП ""ТЭК СПб"""'||||'Отопление'|'Гкал'||||||||||||||172,87||||||||||||||||||||||||||||||
174|'Петровская ул'|'д. 8, корп. 1'|'"ГУП ""ТЭК СПб"""'||||'Отопление'|'Гкал'||||||||||||||387,12||||||||||||||||||||||||||||||
175|'Петровская ул'|'д. 8, корп. 2'|'"ГУП ""ТЭК СПб"""'||||'Отопление'|'Гкал'||||||||||||||330,55||||||||||||||||||||||||||||||
176|'Петровская ул'|'д. 8, корп. 3'|'"ГУП ""ТЭК СПб"""'||||'Отопление'|'Гкал'||||||||||||||292,01||||||||||||||||||||||||||||||
177|'Посадская ул'|'д. 1/82, лит. А'|'"ГУП ""ТЭК СПб"""'||||'Отопление'|'Гкал'||||||||||||||1470,67||||||||||||||||||||||||||||||
178|'Посадская ул'|'д. 10/51'|'"ГУП ""ТЭК СПб"""'||||'Отопление'|'Гкал'||||||||||||||117,97||||||||||||||||||||||||||||||
179|'Посадская ул'|'д. 12'|'"ГУП ""ТЭК СПб"""'||||'Отопление'|'Гкал'||||||||||||||449,97||||||||||||||||||||||||||||||
180|'Посадская ул'|'д. 15, лит. А'|'"ГУП ""ТЭК СПб"""'||||'Отопление'|'Гкал'||||||||||||||1012,99||||||||||||||||||||||||||||||
181|'Посадская ул'|'д. 16, лит. А'|'"ГУП ""ТЭК СПб"""'||||'Отопление'|'Гкал'||||||||||||||328,58||||||||||||||||||||||||||||||
182|'Посадская ул'|'д. 17/14'|'"ГУП ""ТЭК СПб"""'||||'Отопление'|'Гкал'||||||||||||||337,96||||||||||||||||||||||||||||||
183|'Посадская ул'|'д. 21'|'"ГУП ""ТЭК СПб"""'||||'Отопление'|'Гкал'||||||||||||||290,23||||||||||||||||||||||||||||||
184|'Посадская ул'|'д. 22'|'"ГУП ""ТЭК СПб"""'||||'Отопление'|'Гкал'||||||||||||||587,17||||||||||||||||||||||||||||||
185|'Посадская ул'|'д. 23'|'"ГУП ""ТЭК СПб"""'||||'Отопление'|'Гкал'||||||||||||||326||||||||||||||||||||||||||||||
186|'Посадская ул'|'д. 25'|'"ГУП ""ТЭК СПб"""'||||'Отопление'|'Гкал'||||||||||||||683,68||||||||||||||||||||||||||||||
187|'Посадская ул'|'д. 26, лит. А'|'"ГУП ""ТЭК СПб"""'||||'Отопление'|'Гкал'||||||||||||||856,27||||||||||||||||||||||||||||||
188|'Посадская ул'|'д. 3, лит. А'|'"ГУП ""ТЭК СПб"""'||||'Отопление'|'Гкал'||||||||||||||308,36||||||||||||||||||||||||||||||
189|'Посадская ул'|'д. 36/11, лит. А'|'"ГУП ""ТЭК СПб"""'||||'Отопление'|'Гкал'||||||||||||||447,36||||||||||||||||||||||||||||||
190|'Посадская ул'|'д. 38'|'"ГУП ""ТЭК СПб"""'||||'Отопление'|'Гкал'||||||||||||||242,28||||||||||||||||||||||||||||||
191|'Посадская ул'|'д. 4, лит. А'|'"ГУП ""ТЭК СПб"""'||||'Отопление'|'Гкал'||||||||||||||334,91||||||||||||||||||||||||||||||
192|'Посадская ул'|'д. 40'|'"ГУП ""ТЭК СПб"""'||||'Отопление'|'Гкал'||||||||||||||195,26||||||||||||||||||||||||||||||
193|'Посадская ул'|'д. 42, корп. 1'|'"ГУП ""ТЭК СПб"""'||||'Отопление'|'Гкал'||||||||||||||475,89||||||||||||||||||||||||||||||
194|'Посадская ул'|'д. 42, корп. 2'|'"ГУП ""ТЭК СПб"""'||||'Отопление'|'Гкал'||||||||||||||485,65||||||||||||||||||||||||||||||
195|'Посадская ул'|'д. 45, лит. А'|'"ГУП ""ТЭК СПб"""'||||'Отопление'|'Гкал'||||||||||||||150,64||||||||||||||||||||||||||||||
196|'Посадская ул'|'д. 47, лит. А'|'"ГУП ""ТЭК СПб"""'||||'Отопление'|'Гкал'||||||||||||||115,21||||||||||||||||||||||||||||||
197|'Посадская ул'|'д. 48/50, лит. А'|'"ГУП ""ТЭК СПб"""'||||'Отопление'|'Гкал'||||||||||||||211,26||||||||||||||||||||||||||||||
198|'Посадская ул'|'д. 49, лит. А'|'"ГУП ""ТЭК СПб"""'||||'Отопление'|'Гкал'||||||||||||||509,96||||||||||||||||||||||||||||||
199|'Посадская ул'|'д. 5'|'"ГУП ""ТЭК СПб"""'||||'Отопление'|'Гкал'||||||||||||||250,43||||||||||||||||||||||||||||||
200|'Посадская ул'|'д. 51, лит. А'|'"ГУП ""ТЭК СПб"""'||||'Отопление'|'Гкал'||||||||||||||151,72||||||||||||||||||||||||||||||
201|'Посадская ул'|'д. 52, лит. А'|'"ГУП ""ТЭК СПб"""'||||'Отопление'|'Гкал'||||||||||||||117,94||||||||||||||||||||||||||||||
202|'Посадская ул'|'д. 7'|'"ГУП ""ТЭК СПб"""'||||'Отопление'|'Гкал'||||||||||||||633,07||||||||||||||||||||||||||||||
203|'Посадская ул'|'д. 8/36'|'"ГУП ""ТЭК СПб"""'||||'Отопление'|'Гкал'||||||||||||||129,07||||||||||||||||||||||||||||||
204|'Посадская ул'|'д. 9/36'|'"ГУП ""ТЭК СПб"""'||||'Отопление'|'Гкал'||||||||||||||344,96||||||||||||||||||||||||||||||
205|'Пролетарская ул'|'д. 17'|'"ГУП ""ТЭК СПб"""'||||'Отопление'|'Гкал'||||||||||||||321,74||||||||||||||||||||||||||||||
206|'Пролетарская ул'|'д. 18'|'"ГУП ""ТЭК СПб"""'||||'Отопление'|'Гкал'||||||||||||||968,12||||||||||||||||||||||||||||||
207|'Пролетарская ул'|'д. 32/2'|'"ГУП ""ТЭК СПб"""'||||'Отопление'|'Гкал'||||||||||||||345,4||||||||||||||||||||||||||||||
208|'Пролетарская ул'|'д. 34, лит. А'|'"ГУП ""ТЭК СПб"""'||||'Отопление'|'Гкал'||||||||||||||418,46||||||||||||||||||||||||||||||
209|'Рошаля ул'|'д. 10, корп. 1, лит. А'|'"ГУП ""ТЭК СПб"""'||||'Отопление'|'Гкал'||||||||||||||233,72||||||||||||||||||||||||||||||
210|'Советская ул'|'д. 13, лит. А'|'"ГУП ""ТЭК СПб"""'||||'Отопление'|'Гкал'||||||||||||||373,45||||||||||||||||||||||||||||||
211|'Советская ул'|'д. 15, лит. А'|'"ГУП ""ТЭК СПб"""'||||'Отопление'|'Гкал'||||||||||||||254,77||||||||||||||||||||||||||||||
212|'Советская ул'|'д. 19, лит. А'|'"ГУП ""ТЭК СПб"""'||||'Отопление'|'Гкал'||||||||||||||297,41||||||||||||||||||||||||||||||
213|'Советская ул'|'д. 19, лит. Б'|'"ГУП ""ТЭК СПб"""'||||'Отопление'|'Гкал'||||||||||||||261,13||||||||||||||||||||||||||||||
214|'Советская ул'|'д. 21а, лит. А'|'"ГУП ""ТЭК СПб"""'||||'Отопление'|'Гкал'||||||||||||||165,24||||||||||||||||||||||||||||||
215|'Советская ул'|'д. 21б'|'"ГУП ""ТЭК СПб"""'||||'Отопление'|'Гкал'||||||||||||||109,37||||||||||||||||||||||||||||||
216|'Советская ул'|'д. 25, лит. А'|'"ГУП ""ТЭК СПб"""'||||'Отопление'|'Гкал'||||||||||||||378,61||||||||||||||||||||||||||||||
217|'Советская ул'|'д. 27, лит. А'|'"ГУП ""ТЭК СПб"""'||||'Отопление'|'Гкал'||||||||||||||208,5||||||||||||||||||||||||||||||
218|'Советская ул'|'д. 31, лит. А'|'"ГУП ""ТЭК СПб"""'||||'Отопление'|'Гкал'||||||||||||||118,67||||||||||||||||||||||||||||||
219|'Советская ул'|'д. 33, лит. Б'|'"ГУП ""ТЭК СПб"""'||||'Отопление'|'Гкал'||||||||||||||95,11||||||||||||||||||||||||||||||
220|'Советская ул'|'д. 33, лит. В'|'"ГУП ""ТЭК СПб"""'||||'Отопление'|'Гкал'||||||||||||||58,28||||||||||||||||||||||||||||||
221|'Советская ул'|'д. 37, лит. А'|'"ГУП ""ТЭК СПб"""'||||'Отопление'|'Гкал'||||||||||||||381,63||||||||||||||||||||||||||||||
222|'Советская ул'|'д. 39, лит. А'|'"ГУП ""ТЭК СПб"""'||||'Отопление'|'Гкал'||||||||||||||354,38||||||||||||||||||||||||||||||
223|'Советская ул'|'д. 41, лит. А'|'"ГУП ""ТЭК СПб"""'||||'Отопление'|'Гкал'||||||||||||||346,78||||||||||||||||||||||||||||||
224|'Советская ул'|'д. 45'|'"ГУП ""ТЭК СПб"""'||||'Отопление'|'Гкал'||||||||||||||367,08||||||||||||||||||||||||||||||
225|'Советская ул'|'д. 47'|'"ГУП ""ТЭК СПб"""'||||'Отопление'|'Гкал'||||||||||||||352,38||||||||||||||||||||||||||||||
226|'Советская ул'|'д. 5, лит. А'|'"ГУП ""ТЭК СПб"""'||||'Отопление'|'Гкал'||||||||||||||111,55||||||||||||||||||||||||||||||
227|'Советская ул'|'д. 7, лит. А'|'"ГУП ""ТЭК СПб"""'||||'Отопление'|'Гкал'||||||||||||||189,29||||||||||||||||||||||||||||||
228|'Станюковича ул'|'д. 1/9'|'"ГУП ""ТЭК СПб"""'||||'Отопление'|'Гкал'||||||||||||||1640,44||||||||||||||||||||||||||||||
229|'Станюковича ул'|'д. 3, лит. А'|'"ГУП ""ТЭК СПб"""'||||'Отопление'|'Гкал'||||||||||||||1057,04||||||||||||||||||||||||||||||
230|'Станюковича ул'|'д. 6'|'"ГУП ""ТЭК СПб"""'||||'Отопление'|'Гкал'||||||||||||||3070,81||||||||||||||||||||||||||||||
231|'Станюковича ул'|'д. 7'|'"ГУП ""ТЭК СПб"""'||||'Отопление'|'Гкал'||||||||||||||1476,4||||||||||||||||||||||||||||||
232|'Станюковича ул'|'д. 8'|'"ГУП ""ТЭК СПб"""'||||'Отопление'|'Гкал'||||||||||||||2919,91||||||||||||||||||||||||||||||
233|'Станюковича ул'|'д. 9'|'"ГУП ""ТЭК СПб"""'||||'Отопление'|'Гкал'||||||||||||||1615,11||||||||||||||||||||||||||||||
234|'Сургина ул'|'д. 11'|'"ГУП ""ТЭК СПб"""'||||'Отопление'|'Гкал'||||||||||||||128,25||||||||||||||||||||||||||||||
235|'Сургина ул'|'д. 15, лит. А'|'"ГУП ""ТЭК СПб"""'||||'Отопление'|'Гкал'||||||||||||||449,39||||||||||||||||||||||||||||||
236|'Сургина ул'|'д. 6, лит. А'|'"ГУП ""ТЭК СПб"""'||||'Отопление'|'Гкал'||||||||||||||334,45||||||||||||||||||||||||||||||
237|'Сургина ул'|'д. 7'|'"ГУП ""ТЭК СПб"""'||||'Отопление'|'Гкал'||||||||||||||252,06||||||||||||||||||||||||||||||
238|'Сургина ул'|'д. 8, корп. 1'|'"ГУП ""ТЭК СПб"""'||||'Отопление'|'Гкал'||||||||||||||480,29||||||||||||||||||||||||||||||
239|'Сургина ул'|'д. 8, корп. 2'|'"ГУП ""ТЭК СПб"""'||||'Отопление'|'Гкал'||||||||||||||324,17||||||||||||||||||||||||||||||
240|'Сургина ул'|'д. 9'|'"ГУП ""ТЭК СПб"""'||||'Отопление'|'Гкал'||||||||||||||91,59||||||||||||||||||||||||||||||
241|'Фейгина ул'|'д. 10'|'"ГУП ""ТЭК СПб"""'||||'Отопление'|'Гкал'||||||||||||||208,32||||||||||||||||||||||||||||||
242|'Фейгина ул'|'д. 12'|'"ГУП ""ТЭК СПб"""'||||'Отопление'|'Гкал'||||||||||||||773,23||||||||||||||||||||||||||||||
243|'Фейгина ул'|'д. 4'|'"ГУП ""ТЭК СПб"""'||||'Отопление'|'Гкал'||||||||||||||790,49||||||||||||||||||||||||||||||
244|'Флотская ул'|'д. 1'|'"ГУП ""ТЭК СПб"""'||||'Отопление'|'Гкал'||||||||||||||154,84||||||||||||||||||||||||||||||
245|'Флотская ул'|'д. 12'|'"ГУП ""ТЭК СПб"""'||||'Отопление'|'Гкал'||||||||||||||1405,35||||||||||||||||||||||||||||||
246|'Флотская ул'|'д. 13'|'"ГУП ""ТЭК СПб"""'||||'Отопление'|'Гкал'||||||||||||||215,51||||||||||||||||||||||||||||||
247|'Флотская ул'|'д. 14'|'"ГУП ""ТЭК СПб"""'||||'Отопление'|'Гкал'||||||||||||||703,81||||||||||||||||||||||||||||||
248|'Флотская ул'|'д. 15'|'"ГУП ""ТЭК СПб"""'||||'Отопление'|'Гкал'||||||||||||||79,36||||||||||||||||||||||||||||||
249|'Флотская ул'|'д. 16/11, лит. А'|'"ГУП ""ТЭК СПб"""'||||'Отопление'|'Гкал'||||||||||||||414,48||||||||||||||||||||||||||||||
250|'Флотская ул'|'д. 16/11, лит. Б'|'"ГУП ""ТЭК СПб"""'||||'Отопление'|'Гкал'||||||||||||||41,66||||||||||||||||||||||||||||||
251|'Флотская ул'|'д. 17'|'"ГУП ""ТЭК СПб"""'||||'Отопление'|'Гкал'||||||||||||||429,58||||||||||||||||||||||||||||||
252|'Флотская ул'|'д. 2'|'"ГУП ""ТЭК СПб"""'||||'Отопление'|'Гкал'||||||||||||||1250,46||||||||||||||||||||||||||||||
253|'Флотская ул'|'д. 21'|'"ГУП ""ТЭК СПб"""'||||'Отопление'|'Гкал'||||||||||||||922,38||||||||||||||||||||||||||||||
254|'Флотская ул'|'д. 23'|'"ГУП ""ТЭК СПб"""'||||'Отопление'|'Гкал'||||||||||||||242,16||||||||||||||||||||||||||||||
255|'Флотская ул'|'д. 25'|'"ГУП ""ТЭК СПб"""'||||'Отопление'|'Гкал'||||||||||||||140,59||||||||||||||||||||||||||||||
256|'Флотская ул'|'д. 29/9'|'"ГУП ""ТЭК СПб"""'||||'Отопление'|'Гкал'||||||||||||||365,71||||||||||||||||||||||||||||||
257|'Флотская ул'|'д. 3'|'"ГУП ""ТЭК СПб"""'||||'Отопление'|'Гкал'||||||||||||||49,75||||||||||||||||||||||||||||||
258|'Флотская ул'|'д. 5'|'"ГУП ""ТЭК СПб"""'||||'Отопление'|'Гкал'||||||||||||||663,53||||||||||||||||||||||||||||||
259|'Флотская ул'|'д. 7'|'"ГУП ""ТЭК СПб"""'||||'Отопление'|'Гкал'||||||||||||||412,15||||||||||||||||||||||||||||||
260|'Цитадельское ш'|'д. 39'|'"ГУП ""ТЭК СПб"""'||||'Отопление'|'Гкал'||||||||||||||2554,5||||||||||||||||||||||||||||||
261|'Цитадельское ш'|'д. 41'|'"ГУП ""ТЭК СПб"""'||||'Отопление'|'Гкал'||||||||||||||2634,88||||||||||||||||||||||||||||||
262|'Цитадельское ш'|'д. 43'|'"ГУП ""ТЭК СПб"""'||||'Отопление'|'Гкал'||||||||||||||1827,69||||||||||||||||||||||||||||||
263|'Цитадельское ш'|'д. 45/12'|'"ГУП ""ТЭК СПб"""'||||'Отопление'|'Гкал'||||||||||||||1445,35||||||||||||||||||||||||||||||
264|'Широкая ул'|'д. 10, лит. А'|'"ГУП ""ТЭК СПб"""'||||'Отопление'|'Гкал'||||||||||||||303,38||||||||||||||||||||||||||||||
265|'Широкая ул'|'д. 2/5, лит. А'|'"ГУП ""ТЭК СПб"""'||||'Отопление'|'Гкал'||||||||||||||953,8||||||||||||||||||||||||||||||
266|'Широкая ул'|'д. 4'|'"ГУП ""ТЭК СПб"""'||||'Отопление'|'Гкал'||||||||||||||296,49||||||||||||||||||||||||||||||
267|'Широкая ул'|'д. 6, лит. А'|'"ГУП ""ТЭК СПб"""'||||'Отопление'|'Гкал'||||||||||||||293,81||||||||||||||||||||||||||||||
268|'Широкая ул'|'д. 8'|'"ГУП ""ТЭК СПб"""'||||'Отопление'|'Гкал'||||||||||||||586,02||||||||||||||||||||||||||||||
269|'Юрия Инге ул'|'д. 1'|'"ГУП ""ТЭК СПб"""'||||'Отопление'|'Гкал'||||||||||||||470,71||||||||||||||||||||||||||||||
270|'Юрия Инге ул'|'д. 11'|'"ГУП ""ТЭК СПб"""'||||'Отопление'|'Гкал'||||||||||||||426,46||||||||||||||||||||||||||||||
271|'Юрия Инге ул'|'д. 2/4'|'"ГУП ""ТЭК СПб"""'||||'Отопление'|'Гкал'||||||||||||||599,87||||||||||||||||||||||||||||||
272|'Юрия Инге ул'|'д. 3, лит. А'|'"ГУП ""ТЭК СПб"""'||||'Отопление'|'Гкал'||||||||||||||497,53||||||||||||||||||||||||||||||
273|'Юрия Инге ул'|'д. 8'|'"ГУП ""ТЭК СПб"""'||||'Отопление'|'Гкал'||||||||||||||668,29||||||||||||||||||||||||||||||
274|'Якорная пл'|'д. 1а, лит. А'|'"ГУП ""ТЭК СПб"""'||||'Отопление'|'Гкал'||||||||||||||716,8||||||||||||||||||||||||||||||
275|'Якорная пл'|'д. 1б, лит. А'|'"ГУП ""ТЭК СПб"""'||||'Отопление'|'Гкал'||||||||||||||699,22||||||||||||||||||||||||||||||
276|'Якорная пл'|'д. 3 в, лит. А'|'"ГУП ""ТЭК СПб"""'||||'Отопление'|'Гкал'||||||||||||||411,15||||||||||||||||||||||||||||||
