1||3|||6|||9||11|12||||||||20|21|22|23||25||27||29||31||33||35||37||39||41||43||45||47||||51|52
1|'09_000001'|'ГУП ТЭК СПб'|'ИТП'|'открытая'|'УК'|'отопление'|'Гкал'|1|'центральная'|||'150/70'|'да'||||'элеватор'|||694.11|726.8595|139.01||95.96||92.31||68.67||40.74||11.94||6.03||9.56||11.22||49.57||55.38||74.6|||0.28519||'зависимая'|1|
2|'09_000002'|'ГУП ТЭК СПб'|'ИТП'|'открытая'|'УК'|'отопление'|'Гкал'|1|'центральная'|||'150/70'|'да'||||'элеватор'|||1051.85|1105.0955|167.62||157.59||163.03||122.46||64.76||18.08||12.92||17.07||21.07||82.61||105||132.7|||0.40357||'зависимая'|1|
3|'09_000003'|'ГУП ТЭК СПб'|'ИТП'|'открытая'|'УК'|'отопление'|'Гкал'||'центральная'|||'150/70'|'да'||||'элеватор'|||215.11|225.775|36.11||32.91||32.19||23.47||13.24||2.99||1.84||2.62||3.5||18.37||19.86||26.2|||0.08143||'зависимая'||
4|'09_000004'|'ГУП ТЭК СПб'|'ИТП'|'открытая'|'УК'|'отопление'|'Гкал'||'центральная'|||'150/70'|'да'||||'элеватор'|||236.56|249.5465|39.35||35.96||34.51||27.6||17.93||5.9||3.68||7.39||8.92||22.8||25.31||30.38|||0.09425||'зависимая'|1|
5|'09_000005'|'ГУП ТЭК СПб'|'ИТП'|'открытая'|'УК'|'отопление'|'Гкал'||'центральная'|||'150/70'|'да'||||'элеватор'|||389.75|411.631|60.33||67.02||64.9||49.43||29.49||7.4||5.03||7.65||10.94||38.58||42.1||54.75|||0.18087||'зависимая'||
6|'09_000006'|'ГУП ТЭК СПб'|'ИТП'|'открытая'|'УК'|'отопление'|'Гкал'|1|'центральная'|||'150/70'|'да'||||'элеватор'|||330.76|352.1615|67.15||60.75||58.68||44.98||27.79||8.74||5.59||11.08||13.17||37.77||41.85||50.48|||0.16992||'зависимая'||
7|'09_000007'|'ГУП ТЭК СПб'|'ИТП'|'открытая'|'УК'|'отопление'|'Гкал'|1|'центральная'|||'150/70'|'да'||||'элеватор'|||788.89|824.944|96.35||111.39||107.95||81.92||48.58||11.99||7.99||12.3||17.82||63.99||69.85||90.95|||0.3028||'зависимая'|1|
8|'09_000008'|'ГУП ТЭК СПб'|'ИТП'|'открытая'|'УК'|'отопление'|'Гкал'|1|'центральная'|||'150/70'|'да'||||'элеватор'|||576.93|598.642|73.38||67.77||64.48||47.09||30.97||7.17||5.21||6.13||7.36||34.99||38.31||51.38|||0.16282||'зависимая'|1|
9|'09_000009'|'ГУП ТЭК СПб'|'ИТП'|'открытая'|'УК'|'отопление'|'Гкал'||'центральная'|||'150/70'|'да'||||'элеватор'|||460.88|484.0425|51.98||76.98||69.61||52.03||31.93||9.69||6.48||9.34||12.61||40.95||45.03||56.62|||0.17314||'зависимая'||
10|'09_000010'|'ГУП ТЭК СПб'|'ИТП'|'открытая'|'УК'|'отопление'|'Гкал'||'центральная'|||'150/70'|'да'||||'элеватор'|||508.12|546.5075|130.1||120.03||114.33||83.25||54.57||12.48||9.07||10.64||12.7||61.76||67.65||91.17|||0.28638||'зависимая'||
11|'09_000011'|'ГУП ТЭК СПб'|'ИТП'|'открытая'|'УК'|'отопление'|'Гкал'||'центральная'|||'150/70'|'да'||||'элеватор'|||345.7|345.7||||||||||||||||||||||||||||'зависимая'||
12|'09_000012'|'ГУП ТЭК СПб'|'ИТП'|'открытая'|'УК'|'отопление'|'Гкал'|1|'центральная'|||'150/70'|'да'||||'элеватор'|||713.32|750.6665|102.37||122.27||110.94||81.61||48.98||14.17||9.49||13.66||18.46||64.49||70.87||89.62|||0.28089||'зависимая'|1|
13|'09_000013'|'ГУП ТЭК СПб'|'ИТП'|'открытая'|'УК'|'отопление'|'Гкал'|1|'центральная'|||'150/70'|'да'||||'элеватор'|||757.34|796.199|128.56||118.03||114.78||86.15||50.08||12.5||7.57||10.97||14.6||66.93||72.43||94.58|||0.27699||'зависимая'|1|
14|'09_000014'|'ГУП ТЭК СПб'|'ИТП'|'открытая'|'УК'|'отопление'|'Гкал'|1|'центральная'|||'150/70'|'да'||||'элеватор'|||796.94|838.3925|130.7||121.8||117.95||88.19||50.18||19.18||7.56||11.01||13.4||96.14||74.29||98.65|||0.28432||'зависимая'|1|
15|'09_000015'|'ГУП ТЭК СПб'|'ИТП'|'открытая'|'УК'|'отопление'|'Гкал'|1|'центральная'|||'150/70'|'да'||||'элеватор'|||505.17|538.099|117.52||119.96||116.69||65.76||34.5||8.55||4.54||6.6||7.78||49.27||54.48||72.93|||0.28191||'зависимая'|1|
16|'09_000016'|'ГУП ТЭК СПб'|'ИТП'|'открытая'|'УК'|'отопление'|'Гкал'||'центральная'|||'150/70'|'да'||||'элеватор'|||482.63|506.3375|81.75||74.53||72.44||51.78||28.33||4.91||3.67||5.28||6.27||40.28||44.79||60.12|||0.18687||'зависимая'|1|
17|'09_000017'|'ГУП ТЭК СПб'|'ИТП'|'открытая'|'УК'|'отопление'|'Гкал'|1|'центральная'|||'150/70'|'да'||||'элеватор'|||824.45|863.249|127.54||114.59||114.77||84.08||46.37||12.27||7.97||10.96||14.28||60.32||82.45||100.38|||0.353||'зависимая'|1|
18|'09_000018'|'ГУП ТЭК СПб'|'ИТП'|'открытая'|'УК'|'отопление'|'Гкал'|1|'центральная'|||'150/70'|'да'||||'элеватор'|||668.41|700.119|97.44||90.7||88.09||65.62||70.59||10.51||7.43||10.37||11.95||50.22||57.02||74.24|||0.27593||'зависимая'|1|
19|'09_000019'|'ГУП ТЭК СПб'|'ИТП'|'открытая'|'УК'|'отопление'|'Гкал'||'центральная'|||'150/70'|'да'||||'элеватор'|||232.26|244.705|31.28||32.47||30.45||32.54||12.96||4.03||5.04||6.12||5.53||29.57||29.32||29.59|||0.1177||'зависимая'||
20|'09_000020'|'ГУП ТЭК СПб'|'ИТП'|'открытая'|'УК'|'отопление'|'Гкал'|1|'центральная'|||'150/70'|'да'||||'элеватор'|||130.87|145.126|49.97||47.65||45.46||32.52||15.49||2.25||0.99||1.43||1.7||23.5||27.03||37.13|||0.12746||'зависимая'|1|
21|'09_000021'|'ГУП ТЭК СПб'|'ИТП'|'открытая'|'УК'|'отопление'|'Гкал'|1|'центральная'|||'150/70'|'да'||||'элеватор'|||462.56|491.1105|100.66||90.45||86.16||60.93||37.53||12.2||7.62||11.56||14.15||42.75||47.43||59.57|||0.19106||'зависимая'|1|
22|'09_000022'|'ГУП ТЭК СПб'|'ИТП'|'открытая'|'УК'|'отопление'|'Гкал'|1|'центральная'|||'150/70'|'да'||||'элеватор'|||357.1|378.401|66.44||63.14||60.68||46.41||30.53||11.78||7.94||10.49||11.8||33.72||37.25||45.84|||0.14028||'зависимая'||
23|'09_000023'|'ГУП ТЭК СПб'|'ИТП'|'открытая'|'УК'|'отопление'|'Гкал'|1|'центральная'|||'150/70'|'да'||||'элеватор'|||464.02|487.0955|72.27||68.65||65.93||50.35||32.91||12.57||8.12||10.95||12.83||36.69||40.56||49.68|||0.15294||'зависимая'|1|
24|'09_000024'|'ГУП ТЭК СПб'|'ИТП'|'открытая'|'УК'|'отопление'|'Гкал'|1|'центральная'|||'150/70'|'да'||||'элеватор'|||1282.79|1347.366|209.58||195.15||189.71||142.54||86.16||21.31||15.39||21.89||28.03||103.98||118.97||158.81|||0.44655||'зависимая'|1|
25|'09_000025'|'ГУП ТЭК СПб'|'ИТП'|'открытая'|'УК'|'отопление'|'Гкал'|1|'центральная'|||'150/70'|'да'||||'элеватор'|||335.84|348.047|43.11||38.42||37.98||26.31||13.85||2.38||1.83||2.39||3.1||20.36||23.44||30.97|||0.09151||'зависимая'||
26|'09_000026'|'ГУП ТЭК СПб'|'ИТП'|'открытая'|'УК'|'отопление'|'Гкал'|1|'центральная'|||'150/70'|'да'||||'элеватор'|||621.22|653.283|121.99||110.57||84.7||67.46||44.61||12.88||7.04||8.83||10.71||49.13||53.01||70.33|||0.17981||'зависимая'|1|
27|'09_000027'|'ГУП ТЭК СПб'|'ИТП'|'открытая'|'УК'|'отопление'|'Гкал'|1|'центральная'|||'150/70'|'да'||||'элеватор'|||368.42|386.849|60.84||55.76||53.56||37.53||25.9||7.37||4.8||6.71||8.13||30.11||34.22||43.65|||0.13675||'зависимая'|1|
28|'09_000028'|'ГУП ТЭК СПб'|'ИТП'|'открытая'|'УК'|'отопление'|'Гкал'||'центральная'|||'150/70'|'да'||||'элеватор'|||717.52|752.991|114.32||103.57||103.4||77.51||44.09||14.26||8.58||12.61||15.82||57.04||69.3||88.92|||0.29025||'зависимая'||
29|'09_000029'|'ГУП ТЭК СПб'|'ИТП'|'открытая'|'УК'|'отопление'|'Гкал'||'центральная'||||'да'||||'элеватор'|||125.47|133.9095|27.36||24.52||24.13||17.51||21.81||2.12||1.27||1.85||1.95||12.98||14.37||18.92|||0.07172||'зависимая'||
30|'09_000030'|'ГУП ТЭК СПб'|'ИТП'|'открытая'|'УК'|'отопление'|'Гкал'|1|'центральная'|||'150/70'|'да'||||'элеватор'|||190.65|200.072|32.01||28.94||28.36||21.44||12.17||3.04||1.75||2.6||2.82||15.54||17.27||22.5|||0.08036||'зависимая'|1|
31|'09_000031'|'ГУП ТЭК СПб'|'ИТП'|'открытая'|'УК'|'отопление'|'Гкал'|1|'центральная'|||'150/70'|'да'||||'элеватор'|||1232.63|1295.045|197.12||182.09||178.21||136.53||84.49||23.14||17.75||22.21||29.6||106.29||117.3||153.57|||0.44475||'зависимая'|1|
32|'09_000032'|'ГУП ТЭК СПб'|'ИТП'|'открытая'|'УК'|'отопление'|'Гкал'||'центральная'|||'150/70'|'да'||||'элеватор'|||254.03|268.1355|45.29||42.5||41.22||29.57||20.46||5.93||4.42||6.49||3.23||22.76||25.62||34.62|||0.12792||'зависимая'||
33|'09_000033'|'ГУП ТЭК СПб'|'ИТП'|'открытая'|'УК'|'отопление'|'Гкал'||'центральная'|||'150/70'|'да'||||'элеватор'|||165.88|175.0855|31.54||28.26||27.92||20.15||12.29||3.21||1.9||2.9||2.89||14.48||16.11||22.46|||0.07652||'зависимая'||
34|'09_000034'|'ГУП ТЭК СПб'|'ИТП'|'открытая'|'УК'|'отопление'|'Гкал'|1|'центральная'|||'150/70'|'да'||||'элеватор'|||601.98|632.813|103.62||95.64||92.53||68.93||40.26||9.43||6.27||10.21||12.05||53.4||60.02||64.3|||0.26714||'зависимая'|1|
35|'09_000035'|'ГУП ТЭК СПб'|'ИТП'|'открытая'|'УК'|'отопление'|'Гкал'|1|'центральная'|||'150/70'|'да'||||'элеватор'|||252.62|264.325|40.07||35.81||34.97||27.13||15.11||2.95||2.36||3.26||4.24||20.47||23.07||24.66|||0.09097||'зависимая'|1|
36|'09_000036'|'ГУП ТЭК СПб'|'ИТП'|'открытая'|'УК'|'отопление'|'Гкал'|1|'центральная'|||'150/70'|'да'||||'элеватор'|||476.27|502.1095|83.52||77.43||75.9||57.01||33.57||8.62||5.14||8.12||9.45||45.05||48.7||64.28|||0.18083||'зависимая'|1|
37|'09_000037'|'ГУП ТЭК СПб'|'ИТП'|'открытая'|'УК'|'отопление'|'Гкал'||'центральная'|||'150/70'|'да'||||'элеватор'|||108|113.187|16.96||15.66||15.41||11.4||6.67||1.62||0.96||1.52||1.77||9.04||9.77||12.96|||0.04118||'зависимая'||
38|'09_000038'|'ГУП ТЭК СПб'|'ИТП'|'открытая'|'УК'|'отопление'|'Гкал'||'центральная'|||'150/70'|'да'||||'элеватор'|||103.54|108.6775|16.86||15.54||15.31||11.28||6.58||1.58||0.94||1.48||1.72||8.95||9.66||12.85|||0.04096||'зависимая'||
39|'09_000039'|'ГУП ТЭК СПб'|'ИТП'|'открытая'|'УК'|'отопление'|'Гкал'|1|'центральная'|||'150/70'|'да'||||'элеватор'|||517.34|545.6865|103.72||81.4||85.3||61.21||34.1||9.95||6.99||12.52||11.58||45.55||49.87||64.74|||0.1946||'зависимая'|1|
40|'09_000040'|'ГУП ТЭК СПб'|'ИТП'|'открытая'|'УК'|'отопление'|'Гкал'|1|'центральная'|||'150/70'|'да'||||'элеватор'|||979.34|1037.2335|190.21||170.76||166.38||127.96||76.92||22.64||14.65||19.48||23.41||97.5||105.51||142.45|||0.35589||'зависимая'||
41|'09_000041'|'ГУП ТЭК СПб'|'ИТП'|'открытая'|'УК'|'отопление'|'Гкал'|1|'центральная'|||'150/70'|'да'||||'элеватор'||||92.0165|294.06||271.73||266.37||208.9||123.54||29.05||23.54||31.44||35.3||159.8||171.84||224.76|||3.95646||'зависимая'||
42|'09_000042'|'ГУП ТЭК СПб'|'ИТП'|'открытая'|'УК'|'отопление'|'Гкал'|1|'центральная'|||'150/70'|'да'||||'элеватор'|||1261.02|1315.745|181.6||165.82||160.23||119.48||71.6||17.54||12.56||49.41||3.95||89.91||98.26||124.14|||0.44502||'зависимая'|1|
43|'09_000043'|'ГУП ТЭК СПб'|'ИТП'|'открытая'|'УК'|'отопление'|'Гкал'|1|'центральная'|||'150/70'|'да'||||'элеватор'|||731.15|764.968|112.1||101.86||99.86||72.46||43.16||11.93||8.41||12.33||12.64||57.25||62.07||82.29|||0.27534||'зависимая'|1|
44|'09_000044'|'ГУП ТЭК СПб'|'ИТП'|'открытая'|'УК'|'отопление'|'Гкал'|1|'центральная'|||'150/70'|'да'||||'элеватор'|||827.61|872.993|141.09||156.12||148.34||93.03||52.9||18.52||10.05||14.18||17.85||72.06||78.99||104.53|||0.35079||'зависимая'|1|
45|'09_000045'|'ГУП ТЭК СПб'|'ИТП'|'открытая'|'УК'|'отопление'|'Гкал'|1|'центральная'|||'150/70'|'да'||||'элеватор'|||858.26|904.1525|147.77||135.05||130.47||97.57||58.58||16.08||10.97||16.53||19.17||77.79||86.59||121.28|||0.39109||'зависимая'|1|
46|'09_000046'|'ГУП ТЭК СПб'|'ИТП'|'открытая'|'УК'|'отопление'|'Гкал'|2|'центральная'|||'150/70'|'да'||||'элеватор'|||2067.15|2170.2025|340.39||308.55||292.89||238.33||134.84||30.42||21.23||33.58||45.2||168.96||197.3||249.36|||0.75147||'зависимая'|1|
47|'09_000047'|'ГУП ТЭК СПб'|'ИТП'|'открытая'|'УК'|'отопление'|'Гкал'|1|'центральная'|||'150/70'|'да'||||'элеватор'|||789.06|829.2675|134.47||123.12||114.87||92.23||53.32||12.64||8.01||11.93||14.79||68.64||73.99||96.14|||0.27472||'зависимая'|1|
48|'09_000048'|'ГУП ТЭК СПб'|'ИТП'|'открытая'|'УК'|'отопление'|'Гкал'||'центральная'|||'150/70'|'да'||||'элеватор'|||102.94|106.6725|9.09||9.12||8.97||8.96||4.54||1.32||1.56||1.91||2.5||8.66||8.97||9.05|||0.03839||'зависимая'||
49|'09_000049'|'ГУП ТЭК СПб'|'ИТП'|'открытая'|'УК'|'отопление'|'Гкал'|1|'центральная'|||'150/70'|'да'||||'элеватор'|||888.71|930.71|132.44||122.32||129.75||90.35||55.83||14.72||10.74||13.61||17.23||70.02||80.16||102.83|||0.383582||'зависимая'|1|
50|'09_000050'|'ГУП ТЭК СПб'|'ИТП'|'открытая'|'УК'|'отопление'|'Гкал'||'центральная'|||'150/70'|'да'||||'элеватор'|||428.85|452.252|75.52||68.88||66.68||49.53||29.94||8.32||5.82||8.66||9.66||39.32||44||61.71|||0.20129||'зависимая'||
51|'09_000051'|'ГУП ТЭК СПб'|'ИТП'|'открытая'|'УК'|'отопление'|'Гкал'|1|'центральная'|||'150/70'|'да'||||'элеватор'|||758.26|788.215|81.12||83.49||77.82||63.54||38.37||12.33||8.07||10.42||13.48||58.16||82.55||69.75|||0.34847||'зависимая'|1|
52|'09_000052'|'ГУП ТЭК СПб'|'ИТП'|'открытая'|'УК'|'отопление'|'Гкал'|1|'центральная'|||'150/70'|'да'||||'элеватор'|||520.02|544.1005|63.14||77.13||74.61||55.93||32.82||8.55||4.61||6.7||7.57||41.05||48.03||61.47|||0.21345||'зависимая'|1|
53|'09_000053'|'ГУП ТЭК СПб'|'ИТП'|'открытая'|'УК'|'отопление'|'Гкал'||'центральная'|||'150/70'|'да'||||'элеватор'|||596.58|625.844|97.08||88.58||85.95||64.46||37.86||8.87||6.32||9.49||12.05||48.52||55.48||70.62|||0.2171||'зависимая'||
54|'09_000054'|'ГУП ТЭК СПб'|'ИТП'|'открытая'|'УК'|'отопление'|'Гкал'|1|'центральная'|||'150/70'|'да'||||'элеватор'|||566.81|596.3585|98.72||89.89||87.35||64.97||37.65||8.76||6.28||9.4||11.89||49.01||56.02||71.03|||0.22258||'зависимая'|1|
55|'09_000055'|'ГУП ТЭК СПб'|'ИТП'|'открытая'|'УК'|'отопление'|'Гкал'|1|'центральная'|||'150/70'|'да'||||'элеватор'|||1105.73|1159.255|177.83||161.59||158.89||118.17||67.92||22.21||12.69||18.3||22.82||80.62||98.47||130.99|||0.45096||'зависимая'|1|
56|'09_000056'|'ГУП ТЭК СПб'|'ИТП'|'открытая'|'УК'|'отопление'|'Гкал'||'центральная'|||'130/70'|'да'||||'элеватор'|||3736.93|3920.751|588.98||552.54||552.03||425.3||257||48.04||66.78||74.83||85.49||276.36||329.13||419.94|||1.28343||'зависимая'|2|
57|'09_000057'|'ГУП ТЭК СПб'|'ИТП'|'открытая'|'УК'|'отопление'|'Гкал'|2|'центральная'|||'130/70'|'да'||||'элеватор'|||1755.12|1849.438|266.58||256.84||244.61||212.44||134.09||51.25||34.19||51.89||59.65||160.19||183.55||231.08|||0.62784||'зависимая'|2|
58|'09_000058'|'ГУП ТЭК СПб'|'ИТП'|'открытая'|'УК'|'отопление'|'Гкал'|1|'центральная'|||'130/70'|'да'||||'элеватор'|||1878.61|1997.2515|383.53||352.81||350.99||272.92||159.34||43.17||28.59||57.4||33.84||187.03||218.15||285.06|||0.89178||'зависимая'|1|
59|'09_000059'|'ГУП ТЭК СПб'|'ИТП'|'открытая'|'УК'|'отопление'|'Гкал'|2|'центральная'|||'150/70'|'да'||||'элеватор'|||564.33|591.9245|83.88||77.26||77.42||65.77||44.04||19.57||15.21||11.36||10.5||40.25||46.85||59.78|||0.18301||'зависимая'||
60|'09_000060'|'ГУП ТЭК СПб'|'ИТП'|'открытая'|'УК'|'отопление'|'Гкал'|1|'центральная'|||'150/70'|'да'||||'элеватор'|||327.46|342.761|51.87||47.05||45.6||33.61||19.56||4.14||2.85||4.64||5.37||24.49||28.49||38.35|||0.12976||'зависимая'|1|
61|'09_000061'|'ГУП ТЭК СПб'|'ИТП'|'открытая'|'УК'|'отопление'|'Гкал'||'центральная'|||'150/70'|'да'||||'элеватор'|||369.06|387.1495|61||55.19||54.05||40.4||24.75||6.31||3.57||5.74||6.81||28.94||32.23||42.8|||0.14381||'зависимая'||
62|'09_000062'|'ГУП ТЭК СПб'|'ИТП'|'открытая'|'УК'|'отопление'|'Гкал'|1|'центральная'|||'150/70'|'да'||||'элеватор'|||313.4|331.6985|41.82||57.28||55.79||43.06||26.3||6.28||4.79||6.04||7.56||28.93||37.19||50.93|||0.122||'зависимая'||
63|'09_000063'|'ГУП ТЭК СПб'|'ИТП'|'открытая'|'УК'|'отопление'|'Гкал'|1|'центральная'|||'150/70'|'да'||||'элеватор'|||669.51|699.8115|107.44||95.47||90.89||67.49||41.21||10.82||7.53||11.17||13.58||44.33||48.32||67.78|||0.26364||'зависимая'|1|
64|'09_000064'|'ГУП ТЭК СПб'|'ИТП'|'открытая'|'УК'|'отопление'|'Гкал'||'центральная'|||'150/70'|'да'||||'элеватор'|||528.19|551.087|78.84||70.68||66.87||51.48||32.47||9.44||6.6||9.73||11.69||33.29||36.39||50.46|||0.18768||'зависимая'||
65|'09_000065'|'ГУП ТЭК СПб'|'ИТП'|'открытая'|'УК'|'отопление'|'Гкал'|1|'центральная'|||'150/70'|'да'||||'элеватор'|||659.07|695.5875|116.35||109.42||106.73||81.07||51.74||14.94||8.34||11.85||15.66||69.99||64.73||79.53|||0.26497||'зависимая'|1|
66|'09_000066'|'ГУП ТЭК СПб'|'ИТП'|'открытая'|'УК'|'отопление'|'Гкал'||'центральная'|||'150/70'|'да'||||'элеватор'|||276.6|291.633|49.51||46.01||45.32||32.97||20.69||5.12||2.79||3.94||4.99||29.32||26.51||33.49|||0.11722||'зависимая'||
67|'09_000067'|'ГУП ТЭК СПб'|'ИТП'|'открытая'|'УК'|'отопление'|'Гкал'||'центральная'|||'150/70'|'да'||||'элеватор'|||201.79|212.1595|32.25||30.48||29.66||23.13||15.41||4.61||2.72||3.78||4.7||19.66||18.18||22.81|||0.07193||'зависимая'||
68|'09_000068'|'ГУП ТЭК СПб'|'ИТП'|'открытая'|'УК'|'отопление'|'Гкал'||'центральная'|||'150/70'|'да'||||'элеватор'|||336.24|355.688|65.29||59.33||57.43||42.77||25.05||5.65||4.06||6.45||7.18||31.08||36.17||48.5|||0.16272||'зависимая'||
69|'09_000069'|'ГУП ТЭК СПб'|'ИТП'|'открытая'|'УК'|'отопление'|'Гкал'||'центральная'|||'150/70'|'да'||||'элеватор'|||319.32|334.602|48.54||44.48||44.98||36.45||22.6||8.88||6.85||5.13||4.81||22.6||26.25||34.07|||0.11396||'зависимая'||
70|'09_000070'|'ГУП ТЭК СПб'|'ИТП'|'открытая'|'УК'|'отопление'|'Гкал'||'центральная'|||'150/70'|'да'||||'элеватор'|||339.3|356.1365|57.79||52.18||50.77||36.84||21.21||4.2||2.87||4.7||5.43||26.97||31.35||42.42|||0.14706||'зависимая'||
71|'09_000071'|'ГУП ТЭК СПб'|'ИТП'|'открытая'|'УК'|'отопление'|'Гкал'|1|'центральная'|||'150/70'|'да'||||'элеватор'|||184.57|194.682|34.77||32.46||31.67||22.96||12.33||2.35||1.05||1.57||1.9||16.5||18.84||25.84|||0.09142||'зависимая'|1|
72|'09_000072'|'ГУП ТЭК СПб'|'ИТП'|'открытая'|'УК'|'отопление'|'Гкал'||'центральная'|||'150/70'|'да'||||'элеватор'|||486.9|515.07|91.16||83.14||81.07||61.55||35.7||9.56||6.44||9.44||10.02||49.56||54.61||71.15|||0.17691||'зависимая'|1|
73|'09_000073'|'ГУП ТЭК СПб'|'ИТП'|'открытая'|'УК'|'отопление'|'Гкал'||'центральная'|||'150/70'|'да'||||'элеватор'|||920.42|969.2665|154.89||143.91||137.17||106.42||66.85||17.98||25.95||17.63||20.41||80.69||89.96||115.07|||0.36914||'зависимая'|1|
74|'09_000074'|'ГУП ТЭК СПб'|'ИТП'|'открытая'|'УК'|'отопление'|'Гкал'|1|'центральная'|||'150/70'|'да'||||'элеватор'|||385.31|407.973|73.84||68.51||67.05||51.01||29.63||6.67||5.02||8.01||7.45||38.16||41.99||55.92|||0.14969||'зависимая'|1|
75|'09_000075'|'ГУП ТЭК СПб'|'ИТП'|'открытая'|'УК'|'отопление'|'Гкал'||'центральная'|||'150/70'|'да'||||'элеватор'|||192.09|202.6665|34.56||32.43||31.88||23.41||14.12||2.32||2.14||2.35||2.6||17.87||20.52||27.33|||0.08248||'зависимая'||
76|'09_000076'|'ГУП ТЭК СПб'|'ИТП'|'открытая'|'УК'|'отопление'|'Гкал'|1|'центральная'|||'150/70'|'да'||||'элеватор'|||757.05|793.6215|118.43||110.59||110.24||81.93||50.18||14.79||11.21||15.84||14.28||60.23||65.85||77.86|||0.27944||'зависимая'|1|
77|'09_000077'|'ГУП ТЭК СПб'|'ИТП'|'открытая'|'УК'|'отопление'|'Гкал'|1|'центральная'|||'150/70'|'да'||||'элеватор'|||506.03|530.098|76.53||72.29||70.62||52.83||30.62||8.19||7.54||8.28||9.15||40.41||46.4||58.5|||0.18074||'зависимая'|1|
78|'09_000078'|'ГУП ТЭК СПб'|'ИТП'|'открытая'|'УК'|'отопление'|'Гкал'|1|'центральная'|||'150/70'|'да'||||'элеватор'|||536.78|560.799|77.22||67.53||63.82||50.26||28.59||11.7||6.71||8.62||11.03||39.07||45.05||70.78|||0.17689||'зависимая'|1|
79|'09_000079'|'ГУП ТЭК СПб'|'ИТП'|'открытая'|'УК'|'отопление'|'Гкал'|1|'центральная'|||'150/70'|'да'||||'элеватор'|||478.68|504.6455|83.37||77.34||75.57||58.08||36.06||9.39||5.52||7.87||10.97||40.35||47.55||67.24|||0.33226||'зависимая'||
80|'09_000080'|'ГУП ТЭК СПб'|'ИТП'|'открытая'|'УК'|'отопление'|'Гкал'|1|'центральная'|||'150/70'|'да'||||'элеватор'|||785.54|826.0845|133.57||122.08||117.94||88.42||51.47||14.67||8.72||11.12||15.61||71.29||75.88||100.12|||0.34418||'зависимая'|1|
81|'09_000081'|'ГУП ТЭК СПб'|'ИТП'|'открытая'|'УК'|'отопление'|'Гкал'|1|'центральная'|||'150/70'|'да'||||'элеватор'|||2295.6|2405.0505|368.5||357.31||342.13||261.39||146.52||32||17.77||31.14||37.79||189.5||204.15||200.81|||0.91935||'зависимая'|1|
82|'09_000082'|'ГУП ТЭК СПб'|'ИТП'|'открытая'|'УК'|'отопление'|'Гкал'||'центральная'|||'150/70'|'да'||||'элеватор'|||267.46|278.0815|28.3||26.75||27.69||26.46||12.79||3.54||5.48||5.28||5.23||22.85||23.84||24.22|||0.10388||'зависимая'|1|
83|'09_000083'|'ГУП ТЭК СПб'|'ИТП'|'открытая'|'УК'|'отопление'|'Гкал'||'центральная'|||'150/70'|'да'||||'элеватор'|||211.36|218.997|20.95||19.87||19.99||19.69||9.58||1.2||3.16||2.87||3.37||17.29||17.41||17.36|||0.0902||'зависимая'||
84|'09_000084'|'ГУП ТЭК СПб'|'ИТП'|'открытая'|'УК'|'отопление'|'Гкал'||'центральная'|||'150/70'|'да'||||'элеватор'|||352.31|372.207|93.21||43.59||44.56||32.12||28.82||7.06||6.25||6.22||9.65||31.33||36.31||58.82|||0.14865||'зависимая'|1|
85|'09_000085'|'ГУП ТЭК СПб'|'ИТП'|'открытая'|'УК'|'отопление'|'Гкал'||'центральная'|||'150/70'|'да'||||'элеватор'|||1068.9|1122.7805|179.05||162.66||158.42||118.72||69.26||15.21||11.62||15.25||19.87||89.73||103.83||133.99|||0.35007||'зависимая'|1|
86|'09_000086'|'ГУП ТЭК СПб'|'ИТП'|'открытая'|'УК'|'отопление'|'Гкал'|2|'центральная'|||'150/70'|'да'||||'элеватор'|||2904.22|3052.11|478.13||445.5||437.69||328.78||195.18||48.25||35.32||57.43||58.06||257.03||282.49||333.94|||0.69973||'зависимая'|2|
87|'09_000087'|'ГУП ТЭК СПб'|'ИТП'|'открытая'|'УК'|'отопление'|'Гкал'||'центральная'|||'150/70'|'да'||||'элеватор'|||1931.49|2028.8095|324.34||292.18||286.27||216.34||127.13||31.75||20.9||31.95||36.85||160.6||182.9||235.18|||0.68563||'зависимая'|1|
88|'09_000088'|'ГУП ТЭК СПб'|'ИТП'|'открытая'|'УК'|'отопление'|'Гкал'||'центральная'|||'150/70'|'да'||||'элеватор'|||611.96|636.9365|52.88||60.73||85.16||62.71||37.76||9.35||5.54||7.61||9.25||52.76||53.7||62.08|||0.29043||'зависимая'||
89|'09_000089'|'ГУП ТЭК СПб'|'ИТП'|'открытая'|'УК'|'отопление'|'Гкал'|1|'центральная'|||'150/70'|'да'||||'элеватор'|||1452.34|1527.435|252.95||223.98||216.9||162.42||97.77||25.05||17.19||24.97||30.57||126.36||137.87||185.87|||0.6173||'зависимая'|1|
90|'09_000090'|'ГУП ТЭК СПб'|'ИТП'|'открытая'|'УК'|'отопление'|'Гкал'|1|'центральная'|||'150/70'|'да'||||'элеватор'|||792.21|826.2795|102.27||77.18||104.81||80.63||51.56||15.12||8.88||12.27||15.12||67.15||68.45||77.95|||0.34425||'зависимая'|1|
91|'09_000091'|'ГУП ТЭК СПб'|'ИТП'|'открытая'|'УК'|'отопление'|'Гкал'|2|'центральная'|||'150/70'|'да'||||'элеватор'|||1815.09|1899.677|273.29||238.9||254.22||183.21||112.03||33.87||23.52||33.16||38.76||134.74||156.63||209.41|||0.67168||'зависимая'|2|
92|'09_000092'|'ГУП ТЭК СПб'|'ИТП'|'открытая'|'УК'|'отопление'|'Гкал'|1|'центральная'|||'150/70'|'да'||||'элеватор'|||527.35|555.956|89.68||83.31||83.27||65.2||41.56||13.89||8.47||11.38||14.05||45.98||50.35||64.98|||0.30054||'зависимая'|1|
93|'09_000093'|'ГУП ТЭК СПб'|'ИТП'|'открытая'|'УК'|'отопление'|'Гкал'|1|'центральная'|||'150/70'|'да'||||'элеватор'|||296.24|311.4375|50.07||47.23||47.16||33.86||18.67||5.94||2.12||3.12||4.42||23.49||28.88||38.99|||0.14961||'зависимая'|1|
94|'09_000094'|'ГУП ТЭК СПб'|'ИТП'|'открытая'|'УК'|'отопление'|'Гкал'|1|'центральная'|||'150/70'|'да'||||'элеватор'|||326.74|337.7765|52.19||49.81||47.23||22.73||0||0||0||0||0||13.46||15.22||20.09|||0.1099||'зависимая'|1|
95|'09_000095'|'ГУП ТЭК СПб'|'ИТП'|'открытая'|'УК'|'отопление'|'Гкал'|1|'центральная'|||'150/70'|'да'||||'элеватор'|||814.07|856.34|143.14||127.27||127.3||94.71||49.68||15.75||7.87||11.92||14.85||64.11||81.78||107.02|||0.30031||'зависимая'|1|
96|'09_000096'|'ГУП ТЭК СПб'|'ИТП'|'открытая'|'УК'|'отопление'|'Гкал'|1|'центральная'|||'150/70'|'да'||||'элеватор'|||694.94|729.3895|114.07||101.86||99.31||75.73||46.13||13.71||7.39||10.29||12.39||57.14||64.82||86.15|||0.25671||'зависимая'|1|
97|'09_000097'|'ГУП ТЭК СПб'|'ИТП'|'открытая'|'УК'|'отопление'|'Гкал'|1|'центральная'|||'150/70'|'да'||||'элеватор'|||1194.6|1255.185|201.86||184.71||178.41||133.52||77.65||19.86||13.04||17.49||21.94||104.23||111.96||147.03|||0.47825||'зависимая'||
98|'09_000098'|'ГУП ТЭК СПб'|'ИТП'|'открытая'|'УК'|'отопление'|'Гкал'|1|'центральная'|||'150/70'|'да'||||'элеватор'|||761.42|795.8555|122.97||105.34||104.55||78.46||47.56||12.91||6.35||10.53||13.7||50.61||60.26||75.47|||0.29063||'зависимая'|1|
99|'09_000099'|'ГУП ТЭК СПб'|'ИТП'|'открытая'|'УК'|'отопление'|'Гкал'|1|'центральная'|||'150/70'|'да'||||'элеватор'|||462.78|485.4775|71.89||64.88||61.54||46.3||27.74||8.53||5.1||7.6||8.23||41.73||47.69||62.72|||0.17046||'зависимая'|1|
100|'09_000100'|'ГУП ТЭК СПб'|'ИТП'|'открытая'|'УК'|'отопление'|'Гкал'|1|'центральная'|||'150/70'|'да'||||'элеватор'|||445.62|469.2755|86.65||72.7||64.44||48.56||29.81||8.26||5.64||8.02||10.2||39.9||43.39||55.54|||0.17701||'зависимая'|1|
101|'09_000101'|'ГУП ТЭК СПб'|'ИТП'|'открытая'|'УК'|'отопление'|'Гкал'||'центральная'|||'150/70'|'да'||||'элеватор'|||217.75|232.591|56.05||46.49||41.59||29.96||17.97||4.42||3.24||4.45||5.25||24.94||27.06||35.4|||0.12065||'зависимая'||
102|'09_000102'|'ГУП ТЭК СПб'|'ИТП'|'открытая'|'УК'|'отопление'|'Гкал'|1|'центральная'|||'150/70'|'да'||||'элеватор'|||1461.23|1525.384|162.33||188.6||187.57||183.95||91.91||27.35||20.08||27.98||35.02||111.46||122.42||124.41|||0.45255||'зависимая'||
103|'09_000103'|'ГУП ТЭК СПб'|'ИТП'|'открытая'|'УК'|'отопление'|'Гкал'|1|'центральная'|||'150/70'|'да'||||'элеватор'|||947.67|1007.434|200.71||184.67||179.77||133.37||75.63||20.82||13.7||18.26||22.65||105.17||106.22||134.31|||0.44843||'зависимая'|1|
104|'09_000104'|'ГУП ТЭК СПб'|'ИТП'|'открытая'|'УК'|'отопление'|'Гкал'|1|'центральная'|||'150/70'|'да'||||'элеватор'|||380.29|399.27|70.03||62.95||62.98||45.12||25.26||5.01||3.53||4.56||6.62||26.62||29.15||37.77|||0.14759||'зависимая'|1|
105|'09_000105'|'ГУП ТЭК СПб'|'ИТП'|'открытая'|'УК'|'отопление'|'Гкал'|1|'центральная'|||'150/70'|'да'||||'элеватор'|||562.33|592.836|102.45||90.74||90.45||67.23||39.22||9.28||5.93||8.68||11.52||51.63||58.05||74.94|||0.21501||'зависимая'|1|
106|'09_000106'|'ГУП ТЭК СПб'|'ИТП'|'открытая'|'УК'|'отопление'|'Гкал'||'центральная'|||'150/70'|'да'||||'элеватор'|||485.5|503.6955|58.05||52.98||51.86||41.62||25.33||7.74||5.03||6.83||8.43||28.66||33.71||43.67|||0.18693||'зависимая'||
107|'09_000107'|'ГУП ТЭК СПб'|'ИТП'|'открытая'|'УК'|'отопление'|'Гкал'|1|'центральная'|||'150/70'|'да'||||'элеватор'|||398.98|416.9715|57.57||53.49||52.22||38.79||22.7||5.91||4.58||6.68||7.54||31.87||34.08||44.4|||0.14879||'зависимая'|1|
108|'09_000108'|'ГУП ТЭК СПб'|'ИТП'|'открытая'|'УК'|'отопление'|'Гкал'|1|'центральная'|||'150/70'|'да'||||'элеватор'|||1217.52|1280.0355|201.92||194.65||183.24||138.92||76.31||14.35||16.02||9.18||19.02||111.7||123.53||161.47|||0.42148||'зависимая'|1|
109|'09_000109'|'ГУП ТЭК СПб'|'ИТП'|'открытая'|'УК'|'отопление'|'Гкал'|1|'центральная'|||'150/70'|'да'||||'элеватор'|||218.84|234.51|53.06||49.21||48.18||35.03||19.51||3.19||3.19||3.57||4.58||26.34||29.1||38.44|||0.16001||'зависимая'|1|
110|'09_000110'|'ГУП ТЭК СПб'|'ИТП'|'открытая'|'УК'|'отопление'|'Гкал'|1|'центральная'|||'150/70'|'да'||||'элеватор'|||877.7|921.4085|149.51||133.24||129.65||97.06||55.48||14.09||9.38||14.55||16.69||78.62||76.03||99.87|||0.32197||'зависимая'|1|
111|'09_000111'|||||||||||||||||||1942.7|1987.787|197.76||197.76||197.08||194.5||64.6||1.4||2.31||2.4||43.66||0.27|||||||0.78814||||
112|'09_000112'|'ГУП ТЭК СПб'|'ИТП'|'открытая'|'УК'|'отопление'|'Гкал'|1|'центральная'|||'150/70'|'да'||||'элеватор'|||1347.98|1410.655|198.96||188.67||188.5||137.8||83.02||19.3||14.86||17.9||23.67||97.65||122.36||160.81|||0.52982||'зависимая'|1|
113|'09_000113'|'ГУП ТЭК СПб'|'ИТП'|'открытая'|'УК'|'отопление'|'Гкал'|1|'центральная'|||'150/70'|'да'||||'элеватор'|||701.84|739.4155|124.98||112.85||109.66||82.35||48.95||11.95||8.04||11.83||14.1||61.93||71.83||93.04|||0.28002||'зависимая'|1|
114|'09_000114'|'ГУП ТЭК СПб'|'ИТП'|'открытая'|'УК'|'отопление'|'Гкал'||'центральная'|||'150/70'|'да'||||'элеватор'|||189.37|199.387|30.65||28.01||26.89||21.55||13.91||4.17||2.53||5.17||6.37||17.65||19.61||23.83|||0.07337||'зависимая'||
115|'09_000115'|'ГУП ТЭК СПб'|'ИТП'|'открытая'|'УК'|'отопление'|'Гкал'||'центральная'|||'150/70'|'да'||||'элеватор'|||189.03|200.4585|30.65||27.98||26.88||21.52||13.93||4.15||2.51||5.14||34.8||17.62||19.57||23.82|||0.07024||'зависимая'||
116|'09_000116'|'ГУП ТЭК СПб'|'ИТП'|'открытая'|'УК'|'отопление'|'Гкал'||'центральная'|||'150/70'|'да'||||'элеватор'|||1014.84|1065.055|160.01||146.4||142.01||111.92||68.32||20.52||13.76||18.54||23.22||83.45||94.11||122.04|||0.37507||'зависимая'|1|
117|'09_000117'|'ГУП ТЭК СПб'|'ИТП'|'открытая'|'УК'|'отопление'|'Гкал'|1|'центральная'|||'150/70'|'да'||||'элеватор'|||719.83|751.957|105.96||93.71||92.01||70.06||40.85||10.49||7.54||10.63||13.38||55.97||61.86||80.08|||0.24311||'зависимая'|1|
118|'09_000118'|'ГУП ТЭК СПб'|'ИТП'|'открытая'|'УК'|'отопление'|'Гкал'||'центральная'|||'150/70'|'да'||||'элеватор'|||345.39|380.702|113.8||105.63||104.57||77.62||43.92||9.82||9.65||11.45||14.79||60.02||65.94||89.03|||0.09627||'зависимая'||
119|'09_000119'|'ГУП ТЭК СПб'|'ИТП'|'открытая'|'УК'|'отопление'|'Гкал'|1|'центральная'|||'150/70'|'да'||||'элеватор'|||434.64|434.64|||||||||0||0||0||0||0|||||||||0.21945||'зависимая'|1|
120|'09_000120'|'ГУП ТЭК СПб'|'ИТП'|'открытая'|'УК'|'отопление'|'Гкал'||'центральная'|||'150/70'|'да'||||'элеватор'|||246.05|256.593|24.99||23.73||25.46||22.64||12.02||4.67||6.76||7.17||11.06||23.55||23.48||25.33|||0.10984||'зависимая'||
121|'09_000121'|'ГУП ТЭК СПб'|'ИТП'|'открытая'|'УК'|'отопление'|'Гкал'|1|'центральная'|||'150/70'|'да'||||'элеватор'|||527.14|554.7475|93.8||79.54||87.7||57.6||37.77||11.05||7.22||10.08||11.54||49.38||49.59||56.88|||0.20376||'зависимая'||
122|'09_000122'|'ГУП ТЭК СПб'|'ИТП'|'открытая'|'УК'|'отопление'|'Гкал'||'центральная'|||'150/70'|'да'||||'элеватор'|||190.31|199.133|30.07||26.37||26.1||19.19||10.69||2.38||1.73||2.42||2.97||15.34||16.96||22.24|||0.07182||'зависимая'||
123|'09_000123'|'ГУП ТЭК СПб'|'ИТП'|'открытая'|'УК'|'отопление'|'Гкал'||'центральная'|||'150/70'|'да'||||'элеватор'|||169.19|177.1575|27.8||24.2||24.07||17.21||9.27||1.81||1.33||1.87||2.26||13.89||15.34||20.3|||0.0675||'зависимая'||
124|'09_000124'|'ГУП ТЭК СПб'|'ИТП'|'открытая'|'УК'|'отопление'|'Гкал'||'центральная'|||'150/70'|'да'||||'элеватор'|||861.81|880.9115|58.1||51.67||54.88||42.35||26.44||8.15||6.3||7.58||10.17||33.75||36.05||46.59|||0.34641||'зависимая'|1|
125|'09_000125'|'ГУП ТЭК СПб'|'ИТП'|'открытая'|'УК'|'отопление'|'Гкал'|1|'центральная'|||'150/70'|'да'||||'элеватор'|||673.82|688.6755|43.87||39.17||41.46||32.56||20.88||7.45||6.82||7.67||8.4||25.8||27.6||35.43|||0.25782||'зависимая'|1|
126|'09_000126'|'ГУП ТЭК СПб'|'ИТП'|'открытая'|'УК'|'отопление'|'Гкал'||'центральная'|||'150/70'|'да'||||'элеватор'|||2563.59|2724.8585|389.33||388.43||388.05||389.06||184.69||55.35||90.66||89.12||91.9||387.32||385.82||385.64|||1.10757||'зависимая'|3|
127|'09_000127'|'ГУП ТЭК СПб'|'ИТП'|'открытая'|'УК'|'отопление'|'Гкал'||'центральная'|||'150/70'|'да'||||'элеватор'|||167.43|175.29|26.99||23.58||23.37||16.96||9.25||2.05||1.47||2.08||2.63||13.73||15.14||19.95|||0.06531||'зависимая'||
128|'09_000128'|'ГУП ТЭК СПб'|'ИТП'|'открытая'|'УК'|'отопление'|'Гкал'||'центральная'|||'150/70'|'да'||||'элеватор'|||283.32|297.7895|48.81||44.02||42.54||31.54||18.55||4.55||3.03||4.27||5.42||24.46||27.02||35.18|||0.11604||'зависимая'||
129|'09_000129'|'ГУП ТЭК СПб'|'ИТП'|'открытая'|'УК'|'отопление'|'Гкал'||'центральная'|||'150/70'|'да'||||'элеватор'|||225.01|236.176|35.7||32.74||32.22||24.16||14.75||4.05||3.22||3.95||4.96||18.88||20.85||27.84|||0.082||'зависимая'||
130|'09_000130'|'ГУП ТЭК СПб'|'ИТП'|'открытая'|'УК'|'отопление'|'Гкал'||'центральная'|||'150/70'|'да'||||'элеватор'|||366.6|384.9085|62.78||56.97||55.26||40.57||22.32||5.48||3.02||4.54||5.26||30.89||34.06||45.02|||0.1369||'зависимая'||
131|'09_000131'|'ГУП ТЭК СПб'|'ИТП'|'открытая'|'УК'|'отопление'|'Гкал'|1|'центральная'|||'150/70'|'да'||||'элеватор'|||730.28|767.3205|119.32||109.05||104.28||81.32||50.36||15.1||9.88||14.02||18.21||62.18||68.88||88.21|||0.27222||'зависимая'|1|
132|'09_000132'|'ГУП ТЭК СПб'|'ИТП'|'открытая'|'УК'|'отопление'|'Гкал'||'центральная'|||'150/70'|'да'||||'элеватор'|||114.8|120.002|15.27||14.62||13.97||10.8||8.56||3.26||2.45||3.6||1.78||8.2||9.22||12.31|||0.04618||'зависимая'||
133|'09_000133'|'ГУП ТЭК СПб'|'ИТП'|'открытая'|'УК'|'отопление'|'Гкал'|1|'центральная'|||'150/70'|'да'||||'элеватор'|||768.33|803.8965|104.23||99.8||95.2||74.14||58.67||22.94||16.52||24.89||13.1||56.3||63.51||82.03|||0.32411||'зависимая'|1|
134|'09_000134'|'ГУП ТЭК СПб'|'ИТП'|'открытая'|'УК'|'отопление'|'Гкал'|1|'центральная'|||'150/70'|'да'||||'элеватор'|||1275.47|1334.1585|185.4||164.13||159.78||116.37||73.49||16.29||12.41||17.8||22.77||113.78||134.04||157.51|||0.4427||'зависимая'|1|
135|'09_000135'|'ГУП ТЭК СПб'|'ИТП'|'открытая'|'УК'|'отопление'|'Гкал'|1|'центральная'|||'150/70'|'да'||||'элеватор'|||1150.16|1203.3865|178.93||155.41||150.18||114.5||69.87||17.27||11.43||18.52||23.84||90.55||103.12||130.91|||0.4427||'зависимая'|1|
136|'09_000136'|'ГУП ТЭК СПб'|'ИТП'|'открытая'|'УК'|'отопление'|'Гкал'|1|'центральная'|||'150/70'|'да'||||'элеватор'|||1026.52|1080.044|170.39||157.05||146.88||109.54||72.43||21.46||14.19||21.73||23.84||97.39||106.97||128.61|||0.44146||'зависимая'|1|
137|'09_000137'|'ГУП ТЭК СПб'|'ИТП'|'открытая'|'УК'|'отопление'|'Гкал'|1|'центральная'|||'150/70'|'да'||||'элеватор'|||919.36|959.922|130.82||118.28||111.78||82.02||56.75||17.62||15.4||17.08||21.95||67.97||76.5||95.07|||0.33702||'зависимая'|1|
138|'09_000138'|'ГУП ТЭК СПб'|'ИТП'|'открытая'|'УК'|'отопление'|'Гкал'|1|'центральная'|||'150/70'|'да'||||'элеватор'||||66.581|206.08||191.26||184.52||143.99||85.09||42.72||21.6||24.07||29.58||105.21||115.24||182.26|||0.61891||'зависимая'|1|
139|'09_000139'|'ГУП ТЭК СПб'|'ИТП'|'открытая'|'УК'|'отопление'|'Гкал'|2|'центральная'|||'130/70'|'да'||||'элеватор'|||2594.78|2698.9605|323.17||298.9||291.66||228.69||145.49||58.73||41.67||48.96||57.13||176.09||192.65||220.47|||0.79491||'зависимая'|2|
140|'09_000140'|'ГУП ТЭК СПб'|'ИТП'|'открытая'|'УК'|'отопление'|'Гкал'|2|'центральная'|||'130/70'|'да'||||'элеватор'|||3396.93|3548.911|467.91||453.9||424.9||339.53||216.05||48.63||65.4||80.16||83.19||252.66||272.71||334.58|||1.06364||'зависимая'|2|
141|'09_000141'|'ГУП ТЭК СПб'|'ИТП'|'открытая'|'УК'|'отопление'|'Гкал'|2|'центральная'|||'130/70'|'да'||||'элеватор'|||2979.22|3097.925|374.7||345.34||340.75||263.97||150.06||42.31||42.98||50.15||50.17||207.35||225.12||281.2|||1.00052||'зависимая'|2|
142|'09_000142'|'ГУП ТЭК СПб'|'ИТП'|'открытая'|'УК'|'отопление'|'Гкал'|1|'центральная'|||'150/70'|'да'||||'элеватор'|||1116.48|1178.6645|170.64||154.43||149.68||114.22||73.82||18.18||11.68||180||26.51||99.06||109.79||135.68|||0.4427||'зависимая'|1|
143|'09_000143'|'ГУП ТЭК СПб'|'ИТП'|'открытая'|'УК'|'отопление'|'Гкал'|1|'центральная'|||'150/70'|'да'||||'элеватор'|||1148.15|1203.284|176.26||159.55||154.42||120.07||74.73||18.03||12.21||18.83||24.12||97.24||109.69||137.53|||0.4427||'зависимая'|1|
144|'09_000144'|'ГУП ТЭК СПб'|'ИТП'|'открытая'|'УК'|'отопление'|'Гкал'|1|'центральная'|||'150/70'|'да'||||'элеватор'|||1074.5|1130.327|191.58||170.26||166.11||121.88||73.56||17.06||10.73||15.59||20.92||94.5||105.36||128.99|||0.43586||'зависимая'|1|
145|'09_000145'|'ГУП ТЭК СПб'|'ИТП'|'открытая'|'УК'|'отопление'|'Гкал'|1|'центральная'|||'150/70'|'да'||||'элеватор'|||728.22|838.52|362.02||334.94||324.24||243.5||141.58||42.4||22.15||31.25||37.81||185.57||206.39||274.15|||0.2749||'зависимая'|1|
146|'09_000146'|'ГУП ТЭК СПб'|'ИТП'|'открытая'|'УК'|'отопление'|'Гкал'|1|'центральная'|||'150/70'|'да'||||'элеватор'|||493.45|520.1705|89.14||82.38||80.88||60.06||33.42||7.6||5.49||5.72||8.29||48.24||52.89||60.3|||0.20731||'зависимая'|1|
147|'09_000147'|'ГУП ТЭК СПб'|'ИТП'|'открытая'|'УК'|'отопление'|'Гкал'|1|'центральная'|||'150/70'|'да'||||'элеватор'|||1448.37|1504.792|192.72||175.88||171.45||128.9||76.53||18.72||11.43||19.91||16.18||83.8||88.47||144.45|||0.44527||'зависимая'|1|
148|'09_000148'|'ГУП ТЭК СПб'|'ИТП'|'открытая'|'УК'|'отопление'|'Гкал'|1|'центральная'|||'150/70'|'да'||||'элеватор'|||171.94|181.3225|32.76||30.04||28.88||21.65||11.25||1.67||1.14||1.52||1.89||15.71||18.73||22.41|||0.08559||'зависимая'||
149|'09_000149'|'ГУП ТЭК СПб'|'ИТП'|'открытая'|'УК'|'отопление'|'Гкал'|1|'центральная'|||'150/70'|'да'||||'элеватор'|||450.25|487.2285|108.76||108.24||98.86||76.71||119.71||10.76||15.07||5.84||6.33||53.1||58.03||78.16|||0.03419||'зависимая'|1|
150|'09_000150'|'ГУП ТЭК СПб'|'ИТП'|'открытая'|'УК'|'отопление'|'Гкал'|1|'центральная'|||'150/70'|'да'||||'элеватор'|||469.59|514.7045|151.59||140.65||137.72||101.45||54.66||10.6||2.91||6.59||13.17||81.22||86.72||115.01|||0.78312||'зависимая'||
151|'09_000151'|'ГУП ТЭК СПб'|'ИТП'|'открытая'|'УК'|'отопление'|'Гкал'|1|'центральная'|||'150/70'|'да'||||'элеватор'|||150.2|157.239|22.77||21.27||20.51||15.58||8.82||3.34||1.05||1.55||2.21||12.77||13.35||17.56|||0.07243||'зависимая'|1|
152|'09_000152'|'ГУП ТЭК СПб'|'ИТП'|'открытая'|'УК'|'отопление'|'Гкал'||'центральная'|||'150/70'|'да'||||'элеватор'|||100|105.329|18.44||16.93||16.52||11.57||5.79||1.61||0.5||0.75||1.05||9.64||10.08||13.7|||0.0624||'зависимая'||
153|'09_000153'|'ГУП ТЭК СПб'|'ИТП'|'открытая'|'УК'|'отопление'|'Гкал'|1|'центральная'|||'150/70'|'да'||||'элеватор'|||431.21|458.266|88.58||83.7||79.57||58.67||32.48||8.15||5.55||7.9||10.19||46.03||51.23||69.07|||0.23334||'зависимая'|1|
154|'09_000154'|'ГУП ТЭК СПб'|'ИТП'|'открытая'|'УК'|'отопление'|'Гкал'|1|'центральная'|||'150/70'|'да'||||'элеватор'|||397.12|414.456|58.31||52.51||52.46||39.59||22.24||3.56||3.15||3.97||4.6||30.09||33.27||42.97|||0.18138||'зависимая'||
155|'09_000155'|'ГУП ТЭК СПб'|'ИТП'|'открытая'|'УК'|'отопление'|'Гкал'||'центральная'|||'150/70'|'да'||||'элеватор'||||537.6535|90.52||81.68||79.76||34.38||21.4||9.09||6.31||8.73||9.88||113.21||51.15||66.96|||0.09759||'зависимая'||
156|'09_000156'|'ГУП ТЭК СПб'|'ИТП'|'открытая'|'УК'|'отопление'|'Гкал'||'центральная'|||'150/70'|'да'||||'элеватор'|||699.67|740.3645|141.04||124.37||122.12||90.75||52.93||12.14||7.62||11.19||12.23||60.77||77.56||101.17|||0.32646||'зависимая'|1|
157|'09_000157'|'ГУП ТЭК СПб'|'ИТП'|'открытая'|'УК'|'отопление'|'Гкал'|1|'центральная'|||'150/70'|'да'||||'элеватор'|||913.72|961.1805|199.59||178.2||173.1||37.63||21.32||17.67||9.98||14.93||17.54||28.88||108.53||141.84|||0.3276||'зависимая'|1|
158|'09_000158'|'ГУП ТЭК СПб'|'ИТП'|'открытая'|'УК'|'отопление'|'Гкал'|1|'центральная'|||'150/70'|'да'||||'элеватор'|||384.51|402.3955|58.53||53.05||52.16||40.79||23.82||6.77||4.45||6.03||7.38||28.27||33.2||43.26|||0.19312||'зависимая'||
159|'09_000159'|'ГУП ТЭК СПб'|'ИТП'|'открытая'|'УК'|'отопление'|'Гкал'|1|'центральная'|||'150/70'|'да'||||'элеватор'|||351.92|373.4275|75.77||66.45||65.53||47.66||27.37||5.75||3.68||5.33||5.71||32.1||40.93||53.87|||0.17859||'зависимая'||
160|'09_000160'|'ГУП ТЭК СПб'|'ИТП'|'открытая'|'УК'|'отопление'|'Гкал'||'центральная'|||'150/70'|'да'||||'элеватор'|||1096.57|1178.1425|281.92||254.59||250.15||186.8||103.4||21.94||14.73||20.49||23.45||137.03||150.01||186.94|||0.46673||'зависимая'|1|
161|'09_000161'|'ГУП ТЭК СПб'|'ИТП'|'открытая'|'УК'|'отопление'|'Гкал'|1|'центральная'|||'150/70'|'да'||||'элеватор'|||441.6|465.6895|75.6||69.3||66.3||49.97||30.45||9.84||6.65||10.61||10.35||41.16||47.97||63.59|||0.23198||'зависимая'|1|
162|'09_000162'|'ГУП ТЭК СПб'|'ИТП'|'открытая'|'УК'|'отопление'|'Гкал'|1|'центральная'|||'150/70'|'да'||||'элеватор'|||421.18|421.18|||||||||0||0||0||0||0|||||||||0.19449||'зависимая'|1|
163|'09_000163'|'ГУП ТЭК СПб'|'ИТП'|'открытая'|'УК'|'отопление'|'Гкал'||'центральная'|||'150/70'|'да'||||'элеватор'|||173.89|191.1265|59.05||54.41||52.51||42.72||26||5.15||3.44||4.76||5.98||23.59||29.49||37.63|||0.12953||'зависимая'||
164|'09_000164'|'ГУП ТЭК СПб'|'ИТП'|'открытая'|'УК'|'отопление'|'Гкал'|1|'центральная'|||'150/70'|'да'||||'элеватор'|||273.84|291.5845|64.87||58.45||57.26||42.97||23.97||3.61||2.21||3.18||4.29||24.21||30.15||39.72|||0.13868||'зависимая'|1|
165|'09_000165'|'ГУП ТЭК СПб'|'ИТП'|'открытая'|'УК'|'отопление'|'Гкал'||'центральная'|||'150/70'|'да'||||'элеватор'|||263.17|277.4765|49.28||43.76||42.42||33.33||19.29||2.88||3.57||2.96||3.2||22.37||25.43||37.64|||0.14575||'зависимая'||
166|'09_000166'|'ГУП ТЭК СПб'|'ИТП'|'открытая'|'УК'|'отопление'|'Гкал'|1|'центральная'|||'150/70'|'да'||||'элеватор'|||233.31|244.808|38.67||35.96||29.04||16.38||1.73||2.84||3.19||3.52||21.21||21.21||24.12||32.09|||0.09939||'зависимая'|1|
167|'09_000167'|'ГУП ТЭК СПб'|'ИТП'|'открытая'|'УК'|'отопление'|'Гкал'|1|'центральная'|||'150/70'|'да'||||'элеватор'|||248.59|261.901|45.32||40.38||39.07||31.13||18.19||2.92||3.68||3.01||3.22||20.8||23.65||34.85|||0.1308||'зависимая'|1|
168|'09_000168'|'ГУП ТЭК СПб'|'ИТП'|'открытая'|'УК'|'отопление'|'Гкал'||'центральная'|||'150/70'|'да'||||'элеватор'|||336.07|358.7095|77.56||70.37||68.12||45.83||29.73||7.31||4.93||6.79||8.02||37.16||42.24||54.73|||0.18215||'зависимая'||
169|'09_000169'|'ГУП ТЭК СПб'|'ИТП'|'открытая'|'УК'|'отопление'|'Гкал'||'центральная'|||'150/70'|'да'||||'элеватор'|||371.55|394.254|77.08||70.09||67.38||46.1||30.5||7.82||5.32||7.26||8.41||37.12||42.24||54.76|||0.15514||'зависимая'||
170|'09_000170'|'ГУП ТЭК СПб'|'ИТП'|'открытая'|'УК'|'отопление'|'Гкал'|1|'центральная'|||'150/70'|'да'||||'элеватор'|||192.33|223.029|115.19||92.47||90.06||65.99||37.26||9.32||4.76||6.84||7.42||49.73||52.52||82.42|||0.19873||'зависимая'||
171|'09_000171'|'ГУП ТЭК СПб'|'ИТП'|'открытая'|'УК'|'отопление'|'Гкал'|1|'центральная'|||'150/70'|'да'||||'элеватор'|||192.64|205.0285|42.26||37.98||37.8||27.39||15.49||3.92||1.78||2.72||3.28||19.91||23.12||32.12|||0.13453||'зависимая'|1|
172|'09_000172'|'ГУП ТЭК СПб'|'ИТП'|'открытая'|'УК'|'отопление'|'Гкал'|1|'центральная'|||'150/70'|'да'||||'элеватор'|||398.6|429.179|103||97.61||98.97||84.43||43.06||9.4||4.52||5.48||7.42||44.28||48.22||65.19|||0.29942||'зависимая'|1|
173|'09_000173'|'ГУП ТЭК СПб'|'ИТП'|'открытая'|'УК'|'отопление'|'Гкал'||'центральная'|||'150/70'|'да'||||'элеватор'|||2025.75|2025.75||||||||||||||||||||||||||0.28336||'зависимая'|1|
174|'09_000174'|'ГУП ТЭК СПб'|'ИТП'|'открытая'|'УК'|'отопление'|'Гкал'||'центральная'|||'150/70'|'да'||||'элеватор'||||101.307|337.3||308.97||323.46||196.65||129.44||33.73||24.25||29.51||35.18||172.68||189.08||245.89|||0.23253||'зависимая'|1|
175|'09_000175'|'ГУП ТЭК СПб'|'ИТП'|'открытая'|'УК'|'отопление'|'Гкал'||'центральная'|||'150/70'|'да'||||'элеватор'||||||||||||||||||||||||||||||0.23159||'зависимая'|1|
176|'09_000176'|'ГУП ТЭК СПб'|'ИТП'|'открытая'|'УК'|'отопление'|'Гкал'||'центральная'|||'150/70'|'да'||||'элеватор'|||545.77|573.8775|92.3||85.5||82.77||63.34||35.48||7.84||2.73||4.33||6.01||50.83||56.7||74.32|||0.20977||'зависимая'|1|
177|'09_000177'|'ГУП ТЭК СПб'|'ИТП'|'открытая'|'УК'|'отопление'|'Гкал'|1|'центральная'|||'150/70'|'да'||||'элеватор'|||245.04|253.8335|29.02||27.4||27.01||19.69||11.37||2.82||1.78||2.66||3.7||13.34||15.75||21.33|||0.17125||'зависимая'|1|
178|'09_000178'|'ГУП ТЭК СПб'|'ИТП'|'открытая'|'УК'|'отопление'|'Гкал'||'центральная'|||'150/70'|'да'||||'элеватор'|||1487.24|1567.0815|262.23||243.88||242.05||175.2||100.72||26.82||18.42||24.51||30.31||127.86||150.02||194.81|||0.71761||'зависимая'|1|
179|'09_000179'|'ГУП ТЭК СПб'|'ИТП'|'открытая'|'УК'|'отопление'|'Гкал'|1|'центральная'|||'150/70'|'да'||||'элеватор'|||499.83|532.7555|88.7||95.43||93.7||72.47||44.2||14.68||8.98||13.69||15.15||59.38||65.89||86.24|||0.22272||'зависимая'|1|
180|'09_000180'|'ГУП ТЭК СПб'|'ИТП'|'открытая'|'УК'|'отопление'|'Гкал'|1|'центральная'|||'150/70'|'да'||||'элеватор'|||433.01|457.5845|82.3||76.66||74.6||53.95||31.13||8.82||4.45||3.99||7.25||42.72||50.03||55.59|||0.17589||'зависимая'|1|
181|'09_000181'|'ГУП ТЭК СПб'|'ИТП'|'открытая'|'УК'|'отопление'|'Гкал'|1|'центральная'|||'150/70'|'да'||||'элеватор'|||494.64|519.641|66.76||66.89||73.8||58.62||45.1||12.01||5.87||9.06||11.53||42.92||50.06||57.4|||0.15335||'зависимая'|1|
182|'09_000182'|'ГУП ТЭК СПб'|'ИТП'|'открытая'|'УК'|'отопление'|'Гкал'|1|'центральная'|||'150/70'|'да'||||'элеватор'|||701.18|737.3845|129.47||106.82||102.67||77.55||45.81||14.38||9.18||13.67||15.51||59.32||64.9||84.81|||0.26685||'зависимая'|1|
183|'09_000183'|'ГУП ТЭК СПб'|'ИТП'|'открытая'|'УК'|'отопление'|'Гкал'||'центральная'|||'150/70'|'да'||||'элеватор'|||149.72|159.6955|34.93||31.76||31.38||22.16||11.47||2.4||1.07||1.58||2.12||17.05||18.38||25.21|||0.0692||'зависимая'||
184|'09_000184'|'ГУП ТЭК СПб'|'ИТП'|'открытая'|'УК'|'отопление'|'Гкал'|1|'центральная'|||'150/70'|'да'||||'элеватор'|||310.16|328.049|60.64||55.71||54.62||40.28||21.9||5.43||2.4||3.58||4.78||30.62||33.07||44.75|||0.11555||'зависимая'|1|
185|'09_000185'|'ГУП ТЭК СПб'|'ИТП'|'открытая'|'УК'|'отопление'|'Гкал'|1|'центральная'|||'150/70'|'да'||||'элеватор'|||752.25|772.9645|24.32||23.67||25.14||18.93||11.28||6.77||2.76||20.38||23.59||73.11||79.87||104.47|||0.21297||'зависимая'||
186|'09_000186'|'ГУП ТЭК СПб'|'ИТП'|'открытая'|'УК'|'отопление'|'Гкал'|2|'центральная'|||'130/70'|'да'||||'элеватор'|||3438.97|3600.6455|518.77||466.8||456.33||346.05||213.38||64.81||71.8||75.03||85.5||258.13||295.75||381.16|||1.21944||'зависимая'|2|
187|'09_000187'|'ГУП ТЭК СПб'|'ИТП'|'открытая'|'УК'|'отопление'|'Гкал'|2|'центральная'|||'130/70'|'да'||||'элеватор'|||3228.75|3348.0595|363.06||337.79||332.78||258.38||163.17||41.7||51.68||63.84||70.69||210.26||225.26||267.58|||0.97458||'зависимая'|2|
188|'09_000188'|'ГУП ТЭК СПб'|'ИТП'|'открытая'|'УК'|'отопление'|'Гкал'|2|'центральная'|||'150/70'|'да'||||'элеватор'|||1335.98|1463.803|431.12||359.26||377.4||258.7||130.83||39.87||37.49||46.26||57.86||237.41||272.62||307.64|||0.88597||'зависимая'|2|
189|'09_000189'|'ГУП ТЭК СПб'|'ИТП'|'открытая'|'УК'|'отопление'|'Гкал'|2|'центральная'|||'150/70'|'да'||||'элеватор'|||984.57|1025.217|101.71||101.11||102.48||103.81||48.41||14.96||21.02||25.83||26.76||91.29||65.12||110.44|||0.37198||'зависимая'|1|
190|'09_000190'|'ГУП ТЭК СПб'|'ИТП'|'открытая'|'УК'|'отопление'|'Гкал'||'центральная'|||'150/70'|'да'||||'элеватор'||||||||||||||||||||||||||||||||'зависимая'|1|
191|'09_000191'|'ГУП ТЭК СПб'|'ИТП'|'открытая'|'УК'|'отопление'|'Гкал'||'центральная'|||'150/70'|'да'||||'элеватор'|||185|192.4235|26.69||25.3||24.1||19.57||9.52||2.69||2.27||2.91||3.71||10.93||8.91||11.87|||0.05747||'зависимая'||
192|'09_000192'|'ГУП ТЭК СПб'|'ИТП'|'открытая'|'УК'|'отопление'|'Гкал'|1|'центральная'|||'150/70'|'да'||||'элеватор'|||535.33|580.34|139.04||139.24||162.74||119.34||55.7||6.63||4.36||6.34||9.41||70.61||80.34||106.45|||0.27937||'зависимая'|1|
193|'09_000193'|'ГУП ТЭК СПб'|'ИТП'|'открытая'|'УК'|'отопление'|'Гкал'||'центральная'|||'150/70'|'да'||||'элеватор'|||449.79|475.7235|86.01||78.76||75.85||56.92||31.45||8.57||4.92||6.25||8.19||48.35||49.14||64.26|||0.1599||'зависимая'|1|
194|'09_000194'|'ГУП ТЭК СПб'|'ИТП'|'открытая'|'УК'|'отопление'|'Гкал'|1|'центральная'|||'150/70'|'да'||||'элеватор'|||521.92|549.4075|94.45||86.75||83.41||63.18||35.44||8.65||5.43||7.8||10.85||42.63||48.43||62.73|||0.19896||'зависимая'|1|
195|'09_000195'|'ГУП ТЭК СПб'|'ИТП'|'открытая'|'УК'|'отопление'|'Гкал'||'центральная'|||'150/70'|'да'||||'элеватор'|||859.26|909.3325|164.92||152.39||154.94||113.75||62.36||14.26||9.39||14.41||16.05||78.87||93.62||126.49|||0.30138||'зависимая'|1|
196|'09_000196'|'ГУП ТЭК СПб'|'ИТП'|'открытая'|'УК'|'отопление'|'Гкал'||'центральная'|||'150/70'|'да'||||'элеватор'|||179.14|189.3815|35.21||32.08||32.98||22.93||11.81||2.19||1.38||2.21||2.46||16.23||19.1||26.25|||0.06716||'зависимая'||
197|'09_000197'|'ГУП ТЭК СПб'|'ИТП'|'открытая'|'УК'|'отопление'|'Гкал'||'центральная'|||'150/70'|'да'||||'элеватор'|||1487.3|1487.3|||||||||0||0||0||0||0|||||||||0.66478||'зависимая'|1|
198|'09_000198'|'ГУП ТЭК СПб'|'ИТП'|'открытая'|'УК'|'отопление'|'Гкал'||'центральная'|||'150/70'|'да'||||'элеватор'|||1708.66|1776.093|190.53||175.81||172.17||158.85||112.39||32.55||21.29||29.99||32.82||161.02||95.16||166.08|||0.70044||'зависимая'|2|
199|'09_000199'|'ГУП ТЭК СПб'|'ИТП'|'открытая'|'УК'|'отопление'|'Гкал'|1|'центральная'|||'150/70'|'да'||||'элеватор'|||795.12|835.52|137.02||126.31||122.38||89.19||48.54||11.2||7.22||9.53||12.37||68.18||76.24||99.82|||0.30489||'зависимая'|1|
200|'09_000200'|'ГУП ТЭК СПб'|'ИТП'|'открытая'|'УК'|'отопление'|'Гкал'|1|'центральная'|||'150/70'|'да'||||'элеватор'|||555.39|582.0285|89.12||83.24||81.39||58.42||33.17||9.11||5.07||7.66||9.62||43.03||48.34||64.6|||0.1955||'зависимая'|1|
201|'09_000201'|'ГУП ТЭК СПб'|'ИТП'|'открытая'|'УК'|'отопление'|'Гкал'|1|'центральная'|||'150/70'|'да'||||'элеватор'|||786.65|825.1355|127.9||115.75||112.75||83.4||48.69||12.77||8.05||10.55||14.63||64.96||73.83||96.43|||0.29676||'зависимая'|1|
202|'09_000202'|'ГУП ТЭК СПб'|'ИТП'|'открытая'|'УК'|'отопление'|'Гкал'|1|'центральная'|||'150/70'|'да'||||'элеватор'|||312.61|327.7675|55.6||48.85||44.98||34.18||18.18||3.12||2.66||3.69||3.69||22.34||27.43||38.43|||0.16494||'зависимая'|1|
203|'09_000203'|'ГУП ТЭК СПб'|'ИТП'|'открытая'|'УК'|'отопление'|'Гкал'||'центральная'|||'150/70'|'да'||||'элеватор'|||342.82|357.0895|36.63||34.87||35.29||38.17||15.25||4.31||6.71||7.89||5.89||33.81||32.71||33.86|||0.12758||'зависимая'||
204|'09_000204'|'ГУП ТЭК СПб'|'ИТП'|'открытая'|'УК'|'отопление'|'Гкал'|1|'центральная'|||'150/70'|'да'||||'элеватор'|||562.07|585.6635|59.13||58.22||56.33||58.25||26.73||7.86||12.18||14.76||12.1||57.35||54.95||54.01|||0.21018||'зависимая'|1|
205|'09_000205'|'ГУП ТЭК СПб'|'ИТП'|'открытая'|'УК'|'отопление'|'Гкал'|1|'центральная'|||'150/70'|'да'||||'элеватор'|||778.93|817.1735|127.85||114.99||111.71||84.09||49.83||11.11||9.61||11.28||13.66||63.44||70||97.3|||0.25393||'зависимая'|1|
206|'09_000206'|'ГУП ТЭК СПб'|'ИТП'|'открытая'|'УК'|'отопление'|'Гкал'|1|'центральная'|||'150/70'|'да'||||'элеватор'|||771.21|809.3545|123.67||109.98||106.96||81.79||53.14||15.45||10.12||14.65||18.11||65.47||71.43||92.12|||0.27201||'зависимая'|1|
207|'09_000207'|'ГУП ТЭК СПб'|'ИТП'|'открытая'|'УК'|'отопление'|'Гкал'||'центральная'|||'150/70'|'да'||||'элеватор'|||132.87|139.348|22.59||20.32||19.91||14.03||8.02||1.79||1.34||4||0.38||10.63||11.59||14.96|||0.0581||'зависимая'||
208|'09_000208'|'ГУП ТЭК СПб'|'ИТП'|'открытая'|'УК'|'отопление'|'Гкал'|1|'центральная'|||'150/70'|'да'||||'элеватор'|||762.6|805.153|133.17||126.65||124.81||93.88||53.16||15.1||8.46||11.79||33.87||69.3||77.82||103.05|||0.37532||'зависимая'|1|
209|'09_000209'|'ГУП ТЭК СПб'|'ИТП'|'открытая'|'УК'|'отопление'|'Гкал'|1|'центральная'|||'150/70'|'да'||||'элеватор'|||641.23|658.6965|56.93||53.68||51.14||39.21||22.59||6.66||3.63||5.32||7.04||29.22||32.22||41.69|||0.16341||'зависимая'|1|
210|'09_000210'|'ГУП ТЭК СПб'|'ИТП'|'открытая'|'УК'|'отопление'|'Гкал'||'центральная'|||'150/70'|'да'||||'элеватор'|||409.94|427.66|59.2||55.43||53.11||39.61||22.53||5.73||3.14||4.53||5.87||29.61||32.63||43.01|||0.17461||'зависимая'||
211|'09_000211'|'ГУП ТЭК СПб'|'ИТП'|'открытая'|'УК'|'отопление'|'Гкал'||'центральная'|||'150/70'|'да'||||'элеватор'|||605.85|632.6155|88.71||75.65||83.09||55.91||38.44||12.15||7.99||11.1||12.74||47.58||47.86||54.09|||0.189||'зависимая'|1|
212|'09_000212'|'ГУП ТЭК СПб'|'ИТП'|'открытая'|'УК'|'отопление'|'Гкал'|1|'центральная'|||'150/70'|'да'||||'элеватор'|||1051.4|1103.4845|172.6||157.33||152.19||114.53||68.76||15.57||9.65||17.68||20.44||92.72||99.48||120.74|||0.189||'зависимая'|1|
213|'09_000213'|'ГУП ТЭК СПб'|'ИТП'|'открытая'|'УК'|'отопление'|'Гкал'|2|'центральная'|||'150/70'|'да'||||'элеватор'|||1020.08|1067.812|122.48||119.86||119.67||115.5||50.25||11.61||14.93||39.53||16.37||115.84||110.6||118|||0.41674||'зависимая'||
214|'09_000214'|'ГУП ТЭК СПб'|'ИТП'|'открытая'|'УК'|'отопление'|'Гкал'|1|'центральная'|||'150/70'|'да'||||'элеватор'|||398.4|409.4185|37.24||32.94||31.83||23.22||13.68||4.13||2.76||3.13||3.73||18.17||21.14||28.4|||0.20721||'зависимая'|1|
215|'09_000215'|'ГУП ТЭК СПб'|'ИТП'|'открытая'|'УК'|'отопление'|'Гкал'|1|'центральная'|||'150/70'|'да'||||'элеватор'|||757.27|793.891|92.87||88.57||91.03||84.07||41.11||8.67||11.94||17.29||17.07||92.8||93.24||93.76|||0.32889||'зависимая'|1|
216|'09_000216'|'ГУП ТЭК СПб'|'ИТП'|'открытая'|'УК'|'отопление'|'Гкал'||'центральная'|||'150/70'|'да'||||'элеватор'|||585.39|617.673|107.94||102.07||101.27||74.61||41.94||7.14||5.84||6.93||9||52.25||59.81||76.86|||0.24711||'зависимая'||
217|'09_000217'|'ГУП ТЭК СПб'|'ИТП'|'открытая'|'УК'|'отопление'|'Гкал'|1|'центральная'|||'150/70'|'да'||||'элеватор'|||255.76|269.488|46.38||43.72||43.48||31.61||17.47||2.82||2.32||2.74||3.56||22.21||25.43||32.82|||0.10728||'зависимая'|1|
218|'09_000218'|'ГУП ТЭК СПб'|'ИТП'|'открытая'|'УК'|'отопление'|'Гкал'|1|'центральная'|||'150/70'|'да'||||'элеватор'|||674.96|704.7635|96.67||89.67||87.02||66.56||38||12.22||6.05||8.8||12.3||50.83||55.48||72.47|||0.28072||'зависимая'|1|
219|'09_000219'|'ГУП ТЭК СПб'|'ИТП'|'открытая'|'УК'|'отопление'|'Гкал'|1|'центральная'|||'150/70'|'да'||||'элеватор'|||498.88|522.454|78.69||70.26||68.54||50.92||30.1||9.37||4.85||6.05||7.37||39.44||45.28||60.61|||0.22964||'зависимая'|1|
220|'09_000220'|'ГУП ТЭК СПб'|'ИТП'|'открытая'|'УК'|'отопление'|'Гкал'||'центральная'|||'150/70'|'да'||||'элеватор'|||481.94|502.7385|68.54||61.43||59.86||45.04||27.26||8.94||4.52||5.65||6.84||34.49||39.74||53.66|||0.19064||'зависимая'||
221|'09_000221'|'ГУП ТЭК СПб'|'ИТП'|'открытая'|'УК'|'отопление'|'Гкал'|2|'центральная'|||'150/70'|'да'||||'элеватор'|||2128.15|2237.3685|363.19||334.37||306.9||236.49||134.87||35.42||22.32||30.8||40.6||187.23||210.37||281.81|||0.80648||'зависимая'|1|
222|'09_000222'|'ГУП ТЭК СПб'|'ИТП'|'открытая'|'УК'|'отопление'|'Гкал'||'центральная'|||'150/70'|'да'||||'элеватор'|||172.61|180.746|27.94||24.96||24.43||18.81||10.52||1.99||1.59||2.21||2.77||14.16||15.97||17.37|||0.06225||'зависимая'||
223|'09_000223'|'ГУП ТЭК СПб'|'ИТП'|'открытая'|'УК'|'отопление'|'Гкал'|1|'центральная'|||'150/70'|'да'||||'элеватор'|||746.52|782.4995|117.88||107.62||104.6||80.94||50.54||14.69||8.23||13.4||16.05||57.6||64.2||83.84|||0.2686||'зависимая'|1|
224|'09_000224'|'ГУП ТЭК СПб'|'ИТП'|'открытая'|'УК'|'отопление'|'Гкал'|1|'центральная'|||'150/70'|'да'||||'элеватор'|||1623.01|1706.439|286.05||244.82||244.55||180.38||106.31||26.18||20.08||27.95||32.08||135.66||157.15||207.37|||0.59922||'зависимая'|1|
225|'09_000225'|'ГУП ТЭК СПб'|'ИТП'|'открытая'|'УК'|'отопление'|'Гкал'||'центральная'|||'150/70'|'да'||||'элеватор'|||484.1|509.9125|79.29||72.82||73.17||61.55||40.57||17.63||13.79||10.24||9.44||37.68||43.86||56.21|||0.17471||'зависимая'|1|
226|'09_000226'|'ГУП ТЭК СПб'|'ИТП'|'открытая'|'УК'|'отопление'|'Гкал'||'центральная'|||'150/70'|'да'||||'элеватор'|||646.16|676.4225|77.99||95.74||92.27||70.63||42.3||11.51||6.32||9.19||10.28||51.57||60.37||77.08|||0.25936||'зависимая'||
227|'09_000227'|'ГУП ТЭК СПб'|'ИТП'|'открытая'|'УК'|'отопление'|'Гкал'||'центральная'|||'150/70'|'да'||||'элеватор'|||415.1|429.001|37.08||35.02||35.83||34.52||15||1.16||5.95||6.4||6.74||32.02||33.99||34.31|||0.12363||'зависимая'||
228|'09_000228'|'ГУП ТЭК СПб'|'ИТП'|'открытая'|'УК'|'отопление'|'Гкал'||'центральная'|||'150/70'|'да'||||'элеватор'|||550.33|574.6725|79.45||73.56||70.72||53.8||32.31||7.21||5.44||7.71||8.83||40.9||45.67||61.25|||0.17195||'зависимая'||
229|'09_000229'|'ГУП ТЭК СПб'|'ИТП'|'открытая'|'УК'|'отопление'|'Гкал'|1|'центральная'|||'150/70'|'да'||||'элеватор'|||956.84|1002.592|143.95||136.92||137.24||100.35||60.33||17.11||11.02||14.48||16.81||75.75||88.04||113.04|||0.35356||'зависимая'|1|
230|'09_000230'|'ГУП ТЭК СПб'|'ИТП'|'открытая'|'УК'|'отопление'|'Гкал'|1|'центральная'|||'150/70'|'да'||||'элеватор'|||472.84|498.0985|83.35||75.26||73.75||55.31||32.03||7||5.33||7.13||7.66||44.03||48.78||65.54|||0.16867||'зависимая'|1|
231|'09_000231'|'ГУП ТЭК СПб'|'ИТП'|'открытая'|'УК'|'отопление'|'Гкал'|1|'центральная'|||'150/70'|'да'||||'элеватор'|||1156.79|1215.1045|188.85||172.34||167.35||127.08||78.34||21||15.41||22.14||27.03||98.84||106.85||141.06|||0.38778||'зависимая'|1|
232|'09_000232'|'ГУП ТЭК СПб'|'ИТП'|'открытая'|'УК'|'отопление'|'Гкал'|1|'центральная'|||'150/70'|'да'||||'элеватор'|||1134.76|1217.562|278.5||252.52||244.79||184.86||108.84||18.83||12.82||19.62||24.85||129.36||153.33||227.72|||0.54218||'зависимая'|1|
233|'09_000233'|'ГУП ТЭК СПб'|'ИТП'|'открытая'|'УК'|'отопление'|'Гкал'|1|'центральная'|||'150/70'|'да'||||'элеватор'|||631.26|661.0195|97.5||88.52||85.57||64.34||38.8||10.54||5.74||8.83||10.53||51.49||56.93||76.4|||0.2262||'зависимая'|1|
234|'09_000234'|'ГУП ТЭК СПб'|'ИТП'|'открытая'|'УК'|'отопление'|'Гкал'||'центральная'|||'150/70'|'да'||||'элеватор'|||251.01|259.586|21.88||20.6||20.54||21.01||9.96||2.1||2.9||3.08||7.41||18.52||19.28||24.24|||0.10523||'зависимая'|1|
235|'09_000235'|'ГУП ТЭК СПб'|'ИТП'|'открытая'|'УК'|'отопление'|'Гкал'|1|'центральная'|||'150/70'|'да'||||'элеватор'|||731.79|768.472|119.98||108.22||108.39||79.88||44.48||13.75||8.27||12.16||15.27||59.05||71.66||92.53|||0.30973||'зависимая'|1|
236|'09_000236'|'ГУП ТЭК СПб'|'ИТП'|'открытая'|'УК'|'отопление'|'Гкал'||'центральная'|||'150/70'|'да'||||'элеватор'|||326.39|342.883|54.59||51.11||49.67||35.78||22.54||7.01||4.33||5.83||6.78||26.48||29.19||36.55|||0.1212||'зависимая'||
237|'09_000237'|'ГУП ТЭК СПб'|'ИТП'|'открытая'|'УК'|'отопление'|'Гкал'|1|'центральная'|||'150/70'|'да'||||'элеватор'|||360.68|384.771|81.85||73.5||69.5||54.7||29.35||8.18||4.5||6.5||9.1||40.99||43.95||59.7|||0.20439||'зависимая'|1|
238|'09_000238'|'ГУП ТЭК СПб'|'ИТП'|'открытая'|'УК'|'отопление'|'Гкал'||'центральная'|||'150/70'|'да'||||'элеватор'|||275.41|288.4425|45.27||40.38||39.37||28.82||16.83||3.34||2.43||3.26||3.69||22.38||24.41||30.47|||0.11481||'зависимая'||
239|'09_000239'|'ГУП ТЭК СПб'|'ИТП'|'открытая'|'УК'|'отопление'|'Гкал'|1|'центральная'|||'150/70'|'да'||||'элеватор'|||821.7|860.882|129.17||113.25||110.79||82.39||52.1||16||10.67||15.07||18.35||67.25||72.91||95.69|||0.34171||'зависимая'|1|
240|'09_000240'|'ГУП ТЭК СПб'|'ИТП'|'открытая'|'УК'|'отопление'|'Гкал'|1|'центральная'|||'150/70'|'да'||||'элеватор'|||735.6|771.122|118.66||105.26||101.86||75.86||44.83||13.53||9.2||12.31||15.36||59.19||67.49||86.89|||0.34183||'зависимая'|1|
241|'09_000241'|'ГУП ТЭК СПб'|'ИТП'|'открытая'|'УК'|'отопление'|'Гкал'|1|'центральная'|||'150/70'|'да'||||'элеватор'|||226.18|237.3265|36.13||31.88||30.95||24.64||16.22||5.68||3.48||3.87||4.98||19.31||20.03||25.76|||0.16103||'зависимая'|1|
242|'09_000242'|'ГУП ТЭК СПб'|'ИТП'|'открытая'|'УК'|'отопление'|'Гкал'||'центральная'|||'150/70'|'да'||||'элеватор'|||168.8|177.1375|27.24||24.01||23.32||18.43||12.04||4.07||2.5||2.76||3.57||14.45||15.01||19.35|||0.06962||'зависимая'||
243|'09_000243'|'ГУП ТЭК СПб'|'ИТП'|'открытая'|'УК'|'отопление'|'Гкал'|1|'центральная'|||'150/70'|'да'||||'элеватор'|||308.98|323.817|52.52||45.53||44.7||32.94||18.56||3.57||2.48||3.47||4.41||26.16||27.59||34.81|||0.10863||'зависимая'||
244|'09_000244'|'ГУП ТЭК СПб'|'ИТП'|'открытая'|'УК'|'отопление'|'Гкал'|1|'центральная'|||'150/70'|'да'||||'элеватор'|||593.6|631.0815|124.38||120.32||120.43||89.93||45.63||6.97||4.58||6.4||7.48||59.52||70.53||93.46|||0.27469||'зависимая'|1|
245|'09_000245'|'ГУП ТЭК СПб'|'ИТП'|'открытая'|'УК'|'отопление'|'Гкал'||'центральная'|||'150/70'|'да'||||'элеватор'||||||||||||||||||||||||||||||||'зависимая'||
246|'09_000246'|'ГУП ТЭК СПб'|'ИТП'|'открытая'|'УК'|'отопление'|'Гкал'|1|'центральная'|||'150/70'|'да'||||'элеватор'|||327.1|345.8895|60.74||56.31||54.38||42.55||23.92||7.07||3.53||5.1||6.85||35.37||33.7||46.27|||0.15075||'зависимая'|1|
247|'09_000247'|'ГУП ТЭК СПб'|'ИТП'|'открытая'|'УК'|'отопление'|'Гкал'||'центральная'|||'150/70'|'да'||||'элеватор'|||194.21|204.7035|35.17||33.94||34.05||25.07||12.71||1.77||1.1||1.58||1.9||16.65||19.69||26.24|||0.07862||'зависимая'||
248|'09_000248'|'ГУП ТЭК СПб'|'ИТП'|'открытая'|'УК'|'отопление'|'Гкал'||'центральная'|||'150/70'|'да'||||'элеватор'|||134.02|141.6355|27.26||23.49||23.15||16.66||9.29||1.79||1.31||1.79||2.1||13.34||14.04||18.09|||0.05747||'зависимая'||
249|'09_000249'|'ГУП ТЭК СПб'|'ИТП'|'открытая'|'УК'|'отопление'|'Гкал'|1|'центральная'|||'150/70'|'да'||||'элеватор'|||917.69|963.668|149.8||137.87||136.19||103.64||59.69||16.34||9.97||14.73||16.53||80.1||83.77||110.93|||0.34899||'зависимая'|1|
250|'09_000250'|'ГУП ТЭК СПб'|'ИТП'|'открытая'|'УК'|'отопление'|'Гкал'||'центральная'|||'150/70'|'да'||||'элеватор'|||206.12|215.912|32.91||29.6||28.77||22.78||13.07||2.73||2.15||3.04||3.89||17.09||19.27||20.54|||0.07157||'зависимая'||
251|'09_000251'|'ГУП ТЭК СПб'|'ИТП'|'открытая'|'УК'|'отопление'|'Гкал'||'центральная'|||'150/70'|'да'||||'элеватор'|||635.03|666.0555|65.61||99.05||96.45||73.69||43.75||10.33||8||10.04||12.8||50.03||64.13||86.63|||0.227||'зависимая'|1|
252|'09_000252'|'ГУП ТЭК СПб'|'ИТП'|'открытая'|'УК'|'отопление'|'Гкал'||'центральная'|||'150/70'|'да'||||'элеватор'|||509.7|534.1885|78.16||74.44||73.8||55.09||31.27||10.93||4.27||6.28||8.88||37.78||46.52||62.35|||0.22598||'зависимая'||
253|'09_000253'|'ГУП ТЭК СПб'|'ИТП'|'открытая'|'УК'|'отопление'|'Гкал'|2|'центральная'|||'150/70'|'да'||||'элеватор'|||1783.62|1869.3765|279.85||261.07||255||195.5||116.38||29.82||18.2||32.98||34.56||138.92||152.8||200.05|||0.57016||'зависимая'|2|
254|'09_000254'|'ГУП ТЭК СПб'|'ИТП'|'открытая'|'УК'|'отопление'|'Гкал'|1|'центральная'|||'150/70'|'да'||||'элеватор'|||540.83|568.6705|91.29||85.17||82.74||61.09||34.08||7.67||4.4||7||9.06||51.03||53.01||70.27|||0.19919||'зависимая'|1|
255|'09_000255'|'ГУП ТЭК СПб'|'ИТП'|'открытая'|'УК'|'отопление'|'Гкал'|1|'центральная'|||'150/70'|'да'||||'элеватор'|||735.23|771.5815|103.49||105.49||105.53||81.45||49.21||15.84||10.13||13.38||14.89||72.89||68.3||86.43|||0.32377||'зависимая'|1|
256|'09_000256'|'ГУП ТЭК СПб'|'ИТП'|'открытая'|'УК'|'отопление'|'Гкал'|1|'центральная'|||'150/70'|'да'||||'элеватор'|||424.19|442.42|59.26||54.97||53.67||39.96||23.14||8.01||4.07||6.9||8.64||29.39||32.94||43.65|||0.16059||'зависимая'|1|
257|'09_000257'|'ГУП ТЭК СПб'|'ИТП'|'открытая'|'УК'|'отопление'|'Гкал'|1|'центральная'|||'150/70'|'да'||||'элеватор'|||323.71|341.4065|49.98||45.62||48.95||41.51||17.07||3.73||6.66||6.97||6.29||41.34||41.2||44.61|||0.16753||'зависимая'|1|
258|'09_000258'|'ГУП ТЭК СПб'|'ИТП'|'открытая'|'УК'|'отопление'|'Гкал'|1|'центральная'|||'150/70'|'да'||||'элеватор'|||1137.46|1195.981|136.98||137.2||137.46||137.08||72.6||26.85||43.62||45.79||46.3||139.95||122.79||123.8|||0.39895||'зависимая'|1|
259|'09_000259'|'ГУП ТЭК СПб'|'ИТП'|'открытая'|'УК'|'отопление'|'Гкал'||'центральная'|||'150/70'|'да'||||'элеватор'||||||||||||||||||||||||||||||||'зависимая'|1|
260|'09_000260'|'ГУП ТЭК СПб'|'ИТП'|'открытая'|'УК'|'отопление'|'Гкал'||'центральная'|||'150/70'|'да'||||'элеватор'|||571.94|594.8375|78.69||71.29||71.38||49.88||24.72||4.74||3.2||4.4||4.99||40.36||44.59||59.71|||0.35255||'зависимая'||
261|'09_000261'|'ГУП ТЭК СПб'|'ИТП'|'открытая'|'УК'|'отопление'|'Гкал'|1|'центральная'|||'150/70'|'да'||||'элеватор'|||687.25|708.8435|66.25||62.34||60.54||48.43||26.57||9.05||5.62||8.51||11.09||37.86||42.04||53.57|||0.25758||'зависимая'|1|
262|'09_000262'|'ГУП ТЭК СПб'|'ИТП'|'открытая'|'УК'|'отопление'|'Гкал'|1|'центральная'|||'150/70'|'да'||||'элеватор'|||702.79|741.4575|144.88||113.88||108.94||81.9||48.45||13.51||7.55||11.1||14.97||61.93||71.53||94.71|||0.17164||'зависимая'||
263|'09_000263'|'ГУП ТЭК СПб'|'ИТП'|'открытая'|'УК'|'отопление'|'Гкал'||'центральная'|||'150/70'|'да'||||'элеватор'||||||||||||||||||||||||||||||0.13924||'зависимая'||
264|'09_000264'|'ГУП ТЭК СПб'|'ИТП'|'открытая'|'УК'|'отопление'|'Гкал'||'центральная'|||'150/70'|'да'||||'элеватор'|||193.47|204.146|36.56||32.94||32.11||23.65||13.44||2.85||1.91||2.73||3.31||20.32||20.08||23.62|||0.09483||'зависимая'||
265|'09_000265'|'ГУП ТЭК СПб'|'ИТП'|'открытая'|'УК'|'отопление'|'Гкал'||'центральная'|||'150/70'|'да'||||'элеватор'|||218.6|231.5285|31.07||35.85||35.88||34.41||17.24||5.34||4.13||5.59||6.38||20.87||31.53||30.28|||0.08844||'зависимая'||
266|'09_000266'|'ГУП ТЭК СПб'|'ИТП'|'открытая'|'УК'|'отопление'|'Гкал'||'центральная'|||'150/70'|'да'||||'элеватор'|||596.28|624.6135|92.96||84.78||81.82||63.2||37.65||10.05||6.66||9.52||11.89||53.57||53.1||61.47|||0.23264||'зависимая'||
267|'09_000267'|'ГУП ТЭК СПб'|'ИТП'|'открытая'|'УК'|'отопление'|'Гкал'|1|'центральная'|||'150/70'|'да'||||'элеватор'|||300.25|314.3875|50.9||46.51||43.89||31.15||16.49||4.08||1.9||2.68||4.14||23.06||23.95||34|||0.12028||'зависимая'||
268|'09_000268'|'ГУП ТЭК СПб'|'ИТП'|'открытая'|'УК'|'отопление'|'Гкал'||'центральная'|||'150/70'|'да'||||'элеватор'|||357.53|372.587|45.31||72.51||33.82||30.5||18||5.13||3.75||4.69||5.28||24.24||24.94||32.97|||0.1281||'зависимая'||
269|'09_000269'|'ГУП ТЭК СПб'|'ИТП'|'открытая'|'УК'|'отопление'|'Гкал'|1|'центральная'|||'150/70'|'да'||||'элеватор'||||590.475|104.38||44.85||77.86||68.46||39.74||9.86||6.32||8.36||10.48||54.67||56.2||75.12|||0.09781||'зависимая'|1|
270|'09_000270'|'ГУП ТЭК СПб'|'ИТП'|'открытая'|'УК'|'отопление'|'Гкал'||'центральная'|||'150/70'|'да'||||'элеватор'||||||||||||||||||||||||||||||0.06162||'зависимая'||
271|'09_000271'|'ГУП ТЭК СПб'|'ИТП'|'открытая'|'УК'|'отопление'|'Гкал'|1|'центральная'|||'150/70'|'да'||||'элеватор'|||667.88|698.039|97.4||84.31||82.62||62.12||36.39||22.87||15.43||9.85||10.65||51.6||54.63||75.31|||0.25838||'зависимая'|1|
272|'09_000272'|'ГУП ТЭК СПб'|'ИТП'|'открытая'|'УК'|'отопление'|'Гкал'|1|'центральная'|||'150/70'|'да'||||'элеватор'|||172.68|197.0775|79.15||73.08||74.82||57.8||30.44||4.13||3.07||3.81||6.91||49.13||44.64||60.97|||0.18064||'зависимая'|1|
273|'09_000273'|'ГУП ТЭК СПб'|'ИТП'|'открытая'|'УК'|'отопление'|'Гкал'||'центральная'|||'150/70'|'да'||||'элеватор'|||422.54|450.6075|83.53||78.1||79.13||64.46||36.51||8.23||6.04||7.47||13.09||58.5||53.46||72.83|||0.19996||'зависимая'||
274|'09_000274'|'ГУП ТЭК СПб'|'ИТП'|'открытая'|'УК'|'отопление'|'Гкал'||'центральная'|||'150/70'|'да'||||'элеватор'|||438.66|461.8635|79||70.84||68.74||51.29||31.87||8.19||4.84||6.31||7.36||40.16||41.41||54.06|||0.21959||'зависимая'||
275|'09_000275'|'ГУП ТЭК СПб'|'ИТП'|'открытая'|'УК'|'отопление'|'Гкал'|1|'центральная'|||'150/70'|'да'||||'элеватор'|||417.73|439.8595|77.75||69.48||67.49||49.7||29.98||6.76||3.88||5.23||6.59||32.96||40.57||52.2|||0.21697||'зависимая'|1|
276|'09_000276'|'ГУП ТЭК СПб'|'ИТП'|'открытая'|'УК'|'отопление'|'Гкал'||'центральная'|||'150/70'|'да'||||'элеватор'|||165.03|172.9315|26.35||23.87||23.33||17.47||9.44||1.88||1.3||2.4||2.15||14.77||15.3||19.77|||0.06433||'зависимая'||
277|'09_000277'|'ГУП ТЭК СПб'|'ИТП'|'открытая'|'УК'|'отопление'|'Гкал'||'центральная'|||'150/70'|'да'||||'элеватор'|||277.69|291.4005|45.91||41.62||40.66||30.35||16.38||3.18||1.77||3.74||4.03||25.75||26.66||34.16|||0.11238||'зависимая'|1|
278|'09_000278'|'ГУП ТЭК СПб'|'ИТП'|'открытая'|'УК'|'отопление'|'Гкал'||'центральная'|||'150/70'|'да'||||'элеватор'|||169.17|174.0435|11.98||12.04||12.04||12.04||4.96||1.19||1.96||2.04||2.06||11.32||12.92||12.92|||0.0685||'зависимая'|1|
279|'09_000279'|'ГУП ТЭК СПб'|'ИТП'|'открытая'|'УК'|'отопление'|'Гкал'|2|'центральная'|||'130/70'|'да'||||'элеватор'|||3295.16|3414.9165|363.16||332.8||326.63||252.94||154.04||35.92||48.12||59.95||68.1||223.47||238.6||291.4|||1.00199||'зависимая'|2|
280|'09_000280'|'ГУП ТЭК СПб'|'ИТП'|'открытая'|'УК'|'отопление'|'Гкал'|1|'центральная'|||'130/70'|'да'||||'элеватор'|||1989.32|2071.1775|243.55||217.93||220.65||172.17||105.03||19.23||29.88||120.04||45.59||134.57||147.95||180.56|||0.58568||'зависимая'|1|
281|'09_000281'|'ГУП ТЭК СПб'|'ИТП'|'открытая'|'УК'|'отопление'|'Гкал'|3|'центральная'|||'130/70'|'да'||||'элеватор'|||4780.11|4991.0535|696.71||629.48||621.77||487.61||289.68||50.93||76.53||90.15||91.05||325.48||374.06||485.42|||1.5722||'зависимая'|3|
282|'09_000282'|'ГУП ТЭК СПб'|'ИТП'|'открытая'|'УК'|'отопление'|'Гкал'|2|'центральная'|||'130/70'|'да'||||'элеватор'|||2785.87|2898.1985|341.61||319.79||305.39||298.19||147.12||46.5||50.35||53.5||58.21||192.67||195.84||237.4|||0.82888||'зависимая'|2|
283|'09_000283'|'ГУП ТЭК СПб'|'ИТП'|'открытая'|'УК'|'отопление'|'Гкал'|3|'центральная'|||'130/70'|'да'||||'элеватор'|||4584.18|4791.8615|676.57||618.79||606.59||474.56||292.15||58.14||76.79||95.86||101.24||325.22||362.22||465.5|||1.41081||'зависимая'|3|
284|'09_000284'|'ГУП ТЭК СПб'|'ИТП'|'открытая'|'УК'|'отопление'|'Гкал'||'центральная'|||'150/70'|'да'||||'элеватор'|||400.63|420.6215|67.8||59.46||57.9||44.68||27.24||6.33||4.52||6.2||7.58||35.08||37.05||45.99|||0.13061||'зависимая'|1|
285|'09_000285'|'ГУП ТЭК СПб'|'ИТП'|'открытая'|'УК'|'отопление'|'Гкал'||'центральная'|||'150/70'|'да'||||'элеватор'|||197.76|208.1445|31.62||29.13||28.5||22.87||13.96||6||4.1||5.63||5.62||16.16||18.86||25.24|||0.09269||'зависимая'||
286|'09_000286'|'ГУП ТЭК СПб'|'ИТП'|'открытая'|'УК'|'отопление'|'Гкал'|1|'центральная'|||'150/70'|'да'||||'элеватор'|||631.96|662.857|107.82||95.99||93.56||68.11||39.26||7.78||5.5||7.52||8.94||53.5||58.3||71.66|||0.27677||'зависимая'|1|
287|'09_000287'|'ГУП ТЭК СПб'|'ИТП'|'открытая'|'УК'|'отопление'|'Гкал'|1|'центральная'|||'150/70'|'да'||||'элеватор'|||524.25|550.1705|88.91||79.43||74.87||60.3||36.37||8.35||5.01||6.95||9.45||41.82||45.79||61.16|||0.17043||'зависимая'|1|
288|'09_000288'|'ГУП ТЭК СПб'|'ИТП'|'открытая'|'УК'|'отопление'|'Гкал'||'центральная'|||'150/70'|'да'||||'элеватор'|||296.31|312.4075|53.92||48.57||48.31||35.37||20.18||5.87||3.47||4.78||4.79||25.66||29.79||41.24|||0.17003||'зависимая'||
289|'09_000289'|'ГУП ТЭК СПб'|'ИТП'|'открытая'|'УК'|'отопление'|'Гкал'|1|'центральная'|||'150/70'|'да'||||'элеватор'|||693.4|728.327|121.45||105.11||103.38||77.96||43.22||9.81||6.74||9.18||10.91||57.17||65.77||87.84|||0.24064||'зависимая'|1|
290|'09_000290'|'ГУП ТЭК СПб'|'ИТП'|'открытая'|'УК'|'отопление'|'Гкал'|1|'центральная'|||'150/70'|'да'||||'элеватор'|||597.26|622.231|88.22||78.17||74.47||54.23||31.13||6.94||4.76||7.18||8.27||41.71||44.74||59.6|||0.17007||'зависимая'|1|
291|'09_000291'|'ГУП ТЭК СПб'|'ИТП'|'открытая'|'УК'|'отопление'|'Гкал'||'центральная'|||'150/70'|'да'||||'элеватор'|||120.83|127.537|21.36||19.55||19.21||14.93||8.9||3.15||1.62||2.52||3.08||10.65||12.39||16.78|||0.06443||'зависимая'||
292|'09_000292'|'ГУП ТЭК СПб'|'ИТП'|'открытая'|'УК'|'отопление'|'Гкал'||'центральная'|||'150/70'|'да'||||'элеватор'|||306.9|323.8775|52.73||47.19||46.07||33.65||18.9||5.28||3.23||20.94||24.88||25.76||26.56||34.36|||0.1096||'зависимая'||
293|'09_000293'|'ГУП ТЭК СПб'|'ИТП'|'открытая'|'УК'|'отопление'|'Гкал'|1|'центральная'|||'150/70'|'да'||||'элеватор'|||1344.03|1409.7325|218.57||193.1||185.84||142.03||89.49||23.74||16.58||24.24||28.18||107.53||124.58||160.17|||0.44519||'зависимая'|1|
294|'09_000294'|'ГУП ТЭК СПб'|'ИТП'|'открытая'|'УК'|'отопление'|'Гкал'|1|'центральная'|||'150/70'|'да'||||'элеватор'|||1347.62|1410.2285|219.26||197.88||191.79||144.51||82.16||23.88||14.77||4.51||5.16||110.36||113.92||143.97|||0.44199||'зависимая'|1|
295|'09_000295'|'ГУП ТЭК СПб'|'ИТП'|'открытая'|'УК'|'отопление'|'Гкал'|1|'центральная'|||'150/70'|'да'||||'элеватор'|||262.43|273.7075|38.19||32.64||31.46||23.68||13.81||4.73||3.52||4.39||6.26||19.53||20.36||26.98|||0.11227||'зависимая'||
296|'09_000296'|'ГУП ТЭК СПб'|'ИТП'|'открытая'|'УК'|'отопление'|'Гкал'|2|'центральная'|||'150/70'|'да'||||'элеватор'|||1935.71|2042.791|335.17||316.89||303||220.53||132.27||33.79||21.11||31.34||39.79||171.48||192.62||343.63|||0.75018||'зависимая'|2|
297|'09_000297'|'ГУП ТЭК СПб'|'ИТП'|'открытая'|'УК'|'отопление'|'Гкал'||'центральная'|||'150/70'|'да'||||'элеватор'|||270.67|286.104|52.62||47.5||46.05||32.82||18.67||3.82||2.63||3.43||4.33||26.1||32.41||38.3|||0.13182||'зависимая'||
298|'09_000298'|'ГУП ТЭК СПб'|'ИТП'|'открытая'|'УК'|'отопление'|'Гкал'|1|'центральная'|||'150/70'|'да'||||'элеватор'|||1182.67|1239.869|182.62||169.94||164.04||124.03||77||25.6||16.84||23.5||27.33||100.47||104.84||127.77|||0.48226||'зависимая'|1|
299|'09_000299'|'ГУП ТЭК СПб'|'ИТП'|'открытая'|'УК'|'отопление'|'Гкал'||'центральная'|||'150/70'|'да'||||'элеватор'|||116.08|121.429|18.33||16.41||16.19||12.06||7.06||1.68||0.89||1.4||1.65||9.14||9.61||12.56|||0.04434||'зависимая'||
300|'09_000300'|'ГУП ТЭК СПб'|'ИТП'|'открытая'|'УК'|'отопление'|'Гкал'|1|'центральная'|||'150/70'|'да'||||'элеватор'|||750.89|784.572|118.76||96.95||102.81||75.05||39.69||15.1||11.3||9.72||10.99||54.67||59.62||78.98|||0.30143||'зависимая'|1|
301|'09_000301'|'ГУП ТЭК СПб'|'ИТП'|'открытая'|'УК'|'отопление'|'Гкал'||'центральная'|||'150/70'|'да'||||'элеватор'||||||||||||||||||||||||||||||||'зависимая'||
302|'09_000302'|'ГУП ТЭК СПб'|'ИТП'|'открытая'|'УК'|'отопление'|'Гкал'|1|'центральная'|||'150/70'|'да'||||'элеватор'|||676.94|712.359|119.4||107.75||105.35||80.52||47.22||12.66||6.54||10.64||13.2||60.92||64.23||79.95|||0.28315||'зависимая'|1|
303|'09_000303'|'ГУП ТЭК СПб'|'ИТП'|'открытая'|'УК'|'отопление'|'Гкал'|2|'центральная'|||'150/70'|'да'||||'элеватор'|||1999.99|2102.2975|337.06||305.75||293.2||218.63||128.6||36.77||25.97||35.67||44.76||171.22||189.1||259.42|||0.73161||'зависимая'|2|
304|'09_000304'|'ГУП ТЭК СПб'|'ИТП'|'открытая'|'УК'|'отопление'|'Гкал'|1|'центральная'|||'150/70'|'да'||||'элеватор'|||1415.88|1488.5305|244.38||214.09||210.83||160.18||92.51||25.62||16.7||24.22||28.13||124.75||135.49||176.11|||0.55553||'зависимая'|1|
305|'09_000305'|'ГУП ТЭК СПб'|'ИТП'|'открытая'|'УК'|'отопление'|'Гкал'||'центральная'|||'150/70'|'да'||||'элеватор'|||407.78|426.6615|62||57.25||53.89||41.89||24.66||7.5||4.14||7.13||8.46||31.79||34.88||44.04|||0.15068||'зависимая'|1|
306|'09_000306'|'ГУП ТЭК СПб'|'ИТП'|'открытая'|'УК'|'отопление'|'Гкал'|1|'центральная'|||'150/70'|'да'||||'элеватор'|||162.58|171.4975|31.41||28.38||27.18||19.4||10.11||2.36||1.64||2.5||2.41||15.08||16.45||21.43|||0.08202||'зависимая'||
307|'09_000307'|'ГУП ТЭК СПб'|'ИТП'|'открытая'|'УК'|'отопление'|'Гкал'||'центральная'|||'150/70'|'да'||||'элеватор'|||402.93|428.5905|83.02||77.59||73.96||59.21||34.52||7.61||5.4||7.07||8.56||41.92||50.05||64.3|||0.20932||'зависимая'|1|
308|'09_000308'|'ГУП ТЭК СПб'|'ИТП'|'открытая'|'УК'|'отопление'|'Гкал'||'центральная'|||'150/70'|'да'||||'элеватор'|||102.53|106.643|13.43||11.58||11.1||8.65||5.32||1.99||1.46||1.86||2.76||7.11||7.4||9.6|||0.04132||'зависимая'|1|
309|'09_000309'|'ГУП ТЭК СПб'|'ИТП'|'открытая'|'УК'|'отопление'|'Гкал'|1|'центральная'|||'150/70'|'да'||||'элеватор'|||734.9|780.2095|154.84||139.24||137.23||102.71||57.68||12.41||7.46||10.78||14.33||74.06||85.35||110.1|||0.37102||'зависимая'|1|
310|'09_000310'|'ГУП ТЭК СПб'|'ИТП'|'открытая'|'УК'|'отопление'|'Гкал'|1|'центральная'|||'150/70'|'да'||||'элеватор'|||713.69|747.8125|113.39||103.8||99.48||74.9||43.58||10.94||7.27||9.59||12.82||58.68||64.36||83.64|||0.27115||'зависимая'|1|
311|'09_000311'|'ГУП ТЭК СПб'|'ИТП'|'открытая'|'УК'|'отопление'|'Гкал'|3|'центральная'|||'130/70'|'да'||||'элеватор'|||3834.26|4012.9325|553.7||486.8||558.29||461.65||245.93||45.17||61.74||74.61||81.86||277.09||313.54||413.07|||1.37314||'зависимая'|3|
312|'09_000312'|'ГУП ТЭК СПб'|'ИТП'|'открытая'|'УК'|'отопление'|'Гкал'|2|'центральная'|||'130/70'|'да'||||'элеватор'|||4312.02|4485.28|583.14||528.89||510.36||385.94||226.1||53.03||62.3||63.75||68.64||257.09||316.2||409.76|||1.32625||'зависимая'|2|
313|'09_000313'|'ГУП ТЭК СПб'|'ИТП'|'открытая'|'УК'|'отопление'|'Гкал'|2|'центральная'|||'130/70'|'да'||||'элеватор'|||2877.97|3003.453|421.93||371.49||375.15||282.79||177.49||37.19||49.99||65.51||61.59||190.52||216.47||259.54|||0.80089||'зависимая'|2|
314|'09_000314'|'ГУП ТЭК СПб'|'ИТП'|'открытая'|'УК'|'отопление'|'Гкал'|2|'центральная'|||'130/70'|'да'||||'элеватор'|||2682.08|2790.872|346.55||302.06||309.73||232.42||141.5||34.12||47.22||51.27||63.51||182.2||202||263.26|||0.88528||'зависимая'|2|
315|'09_000315'|'ГУП ТЭК СПб'|'ИТП'|'открытая'|'УК'|'отопление'|'Гкал'|1|'центральная'|||'150/70'|'да'||||'элеватор'|||507.29|532.596|81.72||75.68||74.13||55.25||33.17||11.4||5.55||7.61||9.03||43.1||47.75||61.73|||0.15482||'зависимая'|1|
316|'09_000316'|'ГУП ТЭК СПб'|'ИТП'|'открытая'|'УК'|'отопление'|'Гкал'|1|'центральная'|||'150/70'|'да'||||'элеватор'|||1330.83|1400.2895|231.78||212.73||206.27||150.9||92.47||25.31||13.76||19.9||24.79||115.25||130.93||165.1|||0.47839||'зависимая'|1|
317|'09_000317'|'ГУП ТЭК СПб'|'ИТП'|'открытая'|'УК'|'отопление'|'Гкал'|1|'центральная'|||'150/70'|'да'||||'элеватор'|||511.39|535.9005|78.79||72.71||70.47||55.07||33.1||10.7||5.57||7.67||7.96||42.76||46.48||58.93|||0.1598||'зависимая'|1|
318|'09_000318'|'ГУП ТЭК СПб'|'ИТП'|'открытая'|'УК'|'отопление'|'Гкал'||'центральная'|||'150/70'|'да'||||'элеватор'|||124.52|129.4435|12.2||11.81||12.18||11.41||5.71||2.42||2.82||3.48||3.47||10.89||10.89||11.19|||0.04249||'зависимая'|1|
319|'09_000319'|'ГУП ТЭК СПб'|'ИТП'|'открытая'|'УК'|'отопление'|'Гкал'|1|'центральная'|||'150/70'|'да'||||'элеватор'|||516.01|541.497|83.65||76.65||74.97||56.35||33.15||8.69||4.83||7.25||10.11||43.19||48.12||62.78|||0.15968||'зависимая'|1|
320|'09_000320'|'ГУП ТЭК СПб'|'ИТП'|'открытая'|'УК'|'отопление'|'Гкал'||'центральная'|||'150/70'|'да'||||'элеватор'|||99.53|103.5985|11.6||9.8||10.03||9.89||4.67||1.36||1.95||2.26||2.33||9.25||9.21||9.02|||0.03476||'зависимая'||
321|'09_000321'|'ГУП ТЭК СПб'|'ИТП'|'открытая'|'УК'|'отопление'|'Гкал'||'центральная'|||'150/70'|'да'||||'элеватор'|||1055.22|1107.711|168.84||155.19||151.46||115.3||68.73||20.9||14.94||19.56||21.68||87.89||97.99||127.34|||0.31958||'зависимая'||
322|'09_000322'|'ГУП ТЭК СПб'|'ИТП'|'открытая'|'УК'|'отопление'|'Гкал'|1|'центральная'|||'150/70'|'да'||||'элеватор'|||620.89|656.7965|122.1||112.87||105.65||78.4||42.73||11.23||8.18||9.66||13.2||57.51||67.59||89.01|||0.30278||'зависимая'|1|
323|'09_000323'|'ГУП ТЭК СПб'|'ИТП'|'открытая'|'УК'|'отопление'|'Гкал'|1|'центральная'|||'150/70'|'да'||||'элеватор'|||675.23|709.936|108.56||100.38||102.84||72.87||52.63||12.44||8.46||11.99||14.32||56.18||67.96||85.49|||0.26675||'зависимая'|1|
324|'09_000324'|'ГУП ТЭК СПб'|'ИТП'|'открытая'|'УК'|'отопление'|'Гкал'|1|'центральная'|||'150/70'|'да'||||'элеватор'|||1557.15|1631.988|284.28||163.7||211.53||125.51||113.68||31.11||19.76||28.46||36.01||142.23||150.08||190.41|||0.45161||'зависимая'|1|
325|'09_000325'|'ГУП ТЭК СПб'|'ИТП'|'открытая'|'УК'|'отопление'|'Гкал'|1|'центральная'|||'150/70'|'да'||||'элеватор'|||602.42|639.0695|123.39||113.14||112.29||81.19||44.52||11.59||6||8.06||10.07||58.4||71.15||93.19|||0.25769||'зависимая'|1|
326|'09_000326'|'ГУП ТЭК СПб'|'ИТП'|'открытая'|'УК'|'отопление'|'Гкал'|1|'центральная'|||'150/70'|'да'||||'элеватор'|||1065.16|1121.9775|188.27||176.49||172.92||129.19||74.38||23.66||15.17||22.31||26.53||81.57||97.62||128.24|||0.38952||'зависимая'|1|
327|'09_000327'|'ГУП ТЭК СПб'|'ИТП'|'открытая'|'УК'|'отопление'|'Гкал'|1|'центральная'|||'150/70'|'да'||||'элеватор'|||962.84|987.5025|84.32||77.8||77.29||55.34||30.34||7.55||8.59||6.19||7.3||40.19||45.97||52.37|||0.35413||'зависимая'|1|
328|'09_000328'|'ГУП ТЭК СПб'|'ИТП'|'открытая'|'УК'|'отопление'|'Гкал'|1|'центральная'|||'150/70'|'да'||||'элеватор'|||957.19|1009.578|174.07||159.46||155.55||117.5||66.61||16.34||12.89||15.57||17.74||89.79||99.62||122.62|||0.34992||'зависимая'|1|
329|'09_000329'|'ГУП ТЭК СПб'|'ИТП'|'открытая'|'УК'|'отопление'|'Гкал'|1|'центральная'|||'150/70'|'да'||||'элеватор'|||366.01|414.647|167.64||156.95||153.15||114.26||61.77||11.38||9.3||10.89||13.1||75.67||82.44||116.19|||0.20306||'зависимая'|1|
